seconds,width,height,spp,generation,eyeX,eyeY,eyeZ
0.040547,102,64,1,3657,-0.002775,2.398890,-5.977803
0.058054,102,64,1,3658,-0.005049,2.397980,-5.959605
0.075094,102,64,1,3659,-0.007240,2.397104,-5.942084
0.092614,102,64,1,3660,-0.009368,2.396253,-5.925052
0.109137,102,64,1,3661,-0.011183,2.395527,-5.910535
0.127151,102,64,1,3662,-0.013499,2.394601,-5.892008
0.144738,102,64,1,3663,-0.015750,2.393700,-5.873999
0.164348,102,64,1,3664,-0.017881,2.392848,-5.856955
0.195447,102,64,1,3665,-0.020383,2.391847,-5.836932
0.211785,102,64,1,3666,-0.024390,2.390244,-5.804883
0.229332,102,64,1,3667,-0.026331,2.389467,-5.789352
0.246440,102,64,1,3668,-0.028397,2.388641,-5.772824
0.263481,102,64,1,3669,-0.030410,2.387836,-5.756720
0.280464,102,64,1,3670,-0.032915,2.386834,-5.736681
0.303247,102,64,1,3671,-0.034918,2.386033,-5.720654
0.319731,102,64,1,3672,-0.037860,2.384856,-5.697119
0.350384,102,64,1,3673,-0.039945,2.384022,-5.680443
0.367260,102,64,1,3674,-0.043636,2.382545,-5.650909
0.397488,102,64,1,3675,-0.045640,2.381744,-5.634879
0.429594,102,64,1,3676,-0.049394,2.380243,-5.604846
0.447389,102,64,1,3677,-0.053401,2.378640,-5.572792
0.463893,102,64,1,3678,-0.055780,2.377688,-5.553761
0.491751,102,64,1,3679,-0.057970,2.376812,-5.536243
0.507971,102,64,1,3680,-0.061162,2.375535,-5.510704
0.525028,102,64,1,3681,-0.063292,2.374684,-5.493666
0.553902,102,64,1,3682,-0.065610,2.373756,-5.475121
0.585285,102,64,1,3683,-0.068990,2.372404,-5.448078
0.601653,102,64,1,3684,-0.073122,2.370751,-5.415024
0.631834,102,64,1,3685,-0.074936,2.370026,-5.400511
0.648265,102,64,1,3686,-0.078817,2.368473,-5.369463
0.680055,102,64,1,3687,-0.080758,2.367697,-5.353932
0.696288,102,64,1,3688,-0.084954,2.366019,-5.320372
0.727503,102,64,1,3689,-0.086895,2.365242,-5.304842
0.759495,102,64,1,3690,-0.090899,2.363641,-5.272811
0.775890,102,64,1,3691,-0.094717,2.362113,-5.242266
0.806096,102,64,1,3692,-0.096845,2.361262,-5.225239
0.822485,102,64,1,3693,-0.100726,2.359710,-5.194195
0.852661,102,64,1,3694,-0.102542,2.358984,-5.179664
0.869571,102,64,1,3695,-0.106298,2.357481,-5.149613
0.886164,102,64,1,3696,-0.108679,2.356529,-5.130569
0.903390,102,64,1,3697,-0.110750,2.355700,-5.113997
0.931578,102,64,1,3698,-0.112897,2.354841,-5.096825
0.949029,102,64,1,3699,-0.116152,2.353539,-5.070783
0.966093,102,64,1,3700,-0.118486,2.352606,-5.052113
0.982427,102,64,1,3701,-0.120743,2.351703,-5.034056
1.010005,102,64,1,3702,-0.122787,2.350885,-5.017702
1.041136,102,64,1,3703,-0.126191,2.349524,-4.990474
1.059816,102,64,1,3704,-0.129952,2.348019,-4.960386
1.088542,102,64,1,3705,-0.132457,2.347017,-4.940347
1.104912,102,64,1,3706,-0.135899,2.345640,-4.912805
1.135158,102,64,1,3707,-0.138091,2.344764,-4.895270
1.151461,102,64,1,3708,-0.141658,2.343337,-4.866735
1.181663,102,64,1,3709,-0.143914,2.342434,-4.848691
1.198036,102,64,1,3710,-0.147545,2.340982,-4.819639
1.228919,102,64,1,3711,-0.149737,2.340106,-4.802108
1.259846,102,64,1,3712,-0.153430,2.338628,-4.772556
1.276231,102,64,1,3713,-0.157248,2.337101,-4.742019
1.306388,102,64,1,3714,-0.159501,2.336200,-4.723989
1.337105,102,64,1,3715,-0.163266,2.334693,-4.693869
1.368078,102,64,1,3716,-0.166965,2.333214,-4.664281
1.384951,102,64,1,3717,-0.170720,2.331712,-4.634239
1.402444,102,64,1,3718,-0.172911,2.330836,-4.616714
1.419461,102,64,1,3719,-0.175039,2.329984,-4.599684
1.435905,102,64,1,3720,-0.177417,2.329033,-4.580660
1.453468,102,64,1,3721,-0.179468,2.328213,-4.564258
1.486259,102,64,1,3722,-0.181668,2.327333,-4.546658
1.503262,102,64,1,3724,-0.185765,2.325694,-4.513884
1.519801,102,64,1,3725,-0.187892,2.324843,-4.496863
1.540771,102,64,1,3726,-0.189957,2.324018,-4.480347
1.557507,102,64,1,3727,-0.192552,2.322979,-4.459588
1.574644,102,64,1,3728,-0.194297,2.322281,-4.445625
1.591671,102,64,1,3729,-0.196812,2.321275,-4.425500
1.608264,102,64,1,3730,-0.198689,2.320525,-4.410491
1.625262,102,64,1,3731,-0.200767,2.319693,-4.393862
1.650104,102,64,1,3732,-0.203139,2.318744,-4.374886
1.666325,102,64,1,3733,-0.205768,2.317693,-4.353854
1.696493,102,64,1,3734,-0.208156,2.316738,-4.334754
1.727957,102,64,1,3735,-0.211774,2.315290,-4.305811
1.744278,102,64,1,3736,-0.215947,2.313621,-4.272425
1.760695,102,64,1,3737,-0.217885,2.312846,-4.256917
1.778201,102,64,1,3738,-0.219951,2.312019,-4.240389
1.794813,102,64,1,3739,-0.222259,2.311096,-4.221929
1.823353,102,64,1,3740,-0.224197,2.310321,-4.206425
1.853553,102,64,1,3741,-0.227763,2.308895,-4.177893
1.869861,102,64,1,3742,-0.231659,2.307337,-4.146729
1.886247,102,64,1,3743,-0.233260,2.306696,-4.133916
1.916471,102,64,1,3744,-0.235639,2.305744,-4.114887
1.933320,102,64,1,3745,-0.239394,2.304243,-4.084848
1.950849,102,64,1,3746,-0.241648,2.303341,-4.066818
1.968361,102,64,1,3747,-0.243466,2.302613,-4.052270
1.984932,102,64,1,3748,-0.246026,2.301589,-4.031788
2.001388,102,64,1,3749,-0.247902,2.300839,-4.016783
2.026074,102,64,1,3750,-0.250030,2.299988,-3.999758
2.042407,102,64,1,3751,-0.253095,2.298762,-3.975239
2.060999,102,64,1,3752,-0.255165,2.297934,-3.958680
2.089752,102,64,1,3753,-0.257608,2.296957,-3.939135
2.106178,102,64,1,3754,-0.260986,2.295606,-3.912112
2.123244,102,64,1,3755,-0.263140,2.294744,-3.894883
2.139738,102,64,1,3756,-0.265196,2.293922,-3.878434
2.157691,102,64,1,3757,-0.267450,2.293020,-3.860396
2.183469,102,64,1,3758,-0.269695,2.292122,-3.842442
2.199749,102,64,1,3759,-0.272761,2.290896,-3.817912
2.216702,102,64,1,3760,-0.274756,2.290098,-3.801955
2.233230,102,64,1,3761,-0.276959,2.289217,-3.784331
2.249802,102,64,1,3762,-0.278954,2.288419,-3.768372
2.266316,102,64,1,3763,-0.281202,2.287519,-3.750383
2.283281,102,64,1,3764,-0.283267,2.286693,-3.733862
2.299784,102,64,1,3765,-0.285204,2.285918,-3.718365
2.325522,102,64,1,3766,-0.287457,2.285017,-3.700344
2.342348,102,64,1,3767,-0.290657,2.283737,-3.674746
2.359384,102,64,1,3768,-0.292775,2.282890,-3.657798
2.376410,102,64,1,3769,-0.294905,2.282038,-3.640760
2.393422,102,64,1,3770,-0.297035,2.281186,-3.623723
2.410520,102,64,1,3771,-0.299037,2.280385,-3.607702
2.427893,102,64,1,3772,-0.301301,2.279480,-3.589595
2.444922,102,64,1,3773,-0.303471,2.278612,-3.572230
2.461442,102,64,1,3774,-0.305599,2.277761,-3.555209
2.477945,102,64,1,3775,-0.307413,2.277035,-3.540693
2.494967,102,64,1,3776,-0.309602,2.276159,-3.523182
2.512036,102,64,1,3777,-0.311667,2.275333,-3.506666
2.529775,102,64,1,3778,-0.313606,2.274558,-3.491153
2.560070,102,64,1,3779,-0.316175,2.273530,-3.470596
2.577164,102,64,1,3780,-0.319810,2.272076,-3.441517
2.594172,102,64,1,3781,-0.322000,2.271200,-3.423998
2.622051,102,64,1,3782,-0.324254,2.270298,-3.405972
2.638333,102,64,1,3783,-0.327702,2.268919,-3.378386
2.668498,102,64,1,3784,-0.329775,2.268090,-3.361800
2.699742,102,64,1,3785,-0.333278,2.266689,-3.333774
2.716097,102,64,1,3786,-0.337433,2.265027,-3.300540
2.746423,102,64,1,3787,-0.339492,2.264203,-3.284065
2.762609,102,64,1,3788,-0.343253,2.262699,-3.253978
2.793350,102,64,1,3789,-0.345060,2.261976,-3.239520
2.809885,102,64,1,3790,-0.349144,2.260343,-3.206851
2.826271,102,64,1,3791,-0.351204,2.259518,-3.190367
2.843298,102,64,1,3792,-0.353018,2.258793,-3.175857
2.859834,102,64,1,3793,-0.355206,2.257918,-3.158349
2.888113,102,64,1,3794,-0.357459,2.257017,-3.140328
2.904419,102,64,1,3795,-0.360980,2.255608,-3.112158
2.921744,102,64,1,3796,-0.362913,2.254835,-3.096693
2.938246,102,64,1,3797,-0.364699,2.254120,-3.082405
2.965458,102,64,1,3798,-0.367265,2.253094,-3.061882
2.982345,102,64,1,3799,-0.370655,2.251738,-3.034762
3.012607,102,64,1,3800,-0.372777,2.250889,-3.017785
3.029425,102,64,1,3801,-0.376407,2.249437,-2.988747
3.046940,102,64,1,3802,-0.378538,2.248585,-2.971695
3.063437,102,64,1,3803,-0.380723,2.247711,-2.954216
3.079633,102,64,1,3804,-0.382913,2.246835,-2.936699
3.096178,102,64,1,3805,-0.384381,2.246248,-2.924956
3.113679,102,64,1,3806,-0.387002,2.245199,-2.903985
3.130366,102,64,1,3807,-0.389003,2.244399,-2.887976
3.147373,102,64,1,3808,-0.391278,2.243489,-2.869778
3.163721,102,64,1,3809,-0.393155,2.242738,-2.854757
3.180625,102,64,1,3810,-0.395436,2.241826,-2.836514
3.197161,102,64,1,3811,-0.397562,2.240975,-2.819502
3.214212,102,64,1,3812,-0.399378,2.240249,-2.804973
3.231264,102,64,1,3813,-0.401754,2.239298,-2.785965
3.262219,102,64,1,3814,-0.403505,2.238598,-2.771956
3.279663,102,64,1,3815,-0.407623,2.236951,-2.739013
3.296764,102,64,1,3816,-0.409938,2.236025,-2.720493
3.313258,102,64,1,3817,-0.411952,2.235219,-2.704381
3.340883,102,64,1,3818,-0.413957,2.234417,-2.688340
3.357317,102,64,1,3819,-0.417583,2.232967,-2.659336
3.374355,102,64,1,3820,-0.419398,2.232241,-2.644813
3.403738,102,64,1,3821,-0.421776,2.231290,-2.625795
3.420543,102,64,1,3822,-0.425426,2.229830,-2.596596
3.438093,102,64,1,3823,-0.427302,2.229079,-2.581583
3.454726,102,64,1,3824,-0.429741,2.228103,-2.562068
3.472203,102,64,1,3825,-0.431821,2.227271,-2.545429
3.497477,102,64,1,3826,-0.433883,2.226447,-2.528934
3.514375,102,64,1,3827,-0.436768,2.225293,-2.505859
3.530808,102,64,1,3828,-0.439154,2.224339,-2.486767
3.548319,102,64,1,3829,-0.441219,2.223513,-2.470250
3.564890,102,64,1,3830,-0.443154,2.222738,-2.454765
3.582484,102,64,1,3831,-0.445592,2.221763,-2.435264
3.599494,102,64,1,3832,-0.447670,2.220932,-2.418642
3.616540,102,64,1,3833,-0.449731,2.220108,-2.402152
3.633591,102,64,1,3834,-0.451859,2.219256,-2.385130
3.655263,102,64,1,3835,-0.454175,2.218330,-2.366600
3.686499,102,64,1,3836,-0.456867,2.217253,-2.345067
3.703356,102,64,1,3837,-0.460770,2.215692,-2.313844
3.719835,102,64,1,3838,-0.462716,2.214913,-2.298269
3.737362,102,64,1,3839,-0.464962,2.214015,-2.280301
3.754507,102,64,1,3840,-0.467027,2.213189,-2.263782
3.779785,102,64,1,3841,-0.469282,2.212287,-2.245744
3.796702,102,64,1,3842,-0.472440,2.211024,-2.220483
3.813623,102,64,1,3843,-0.474563,2.210175,-2.203499
3.831371,102,64,1,3844,-0.476689,2.209325,-2.186491
3.848738,102,64,1,3845,-0.478657,2.208537,-2.170745
3.866640,102,64,1,3846,-0.481075,2.207570,-2.151401
3.883346,102,64,1,3847,-0.483061,2.206776,-2.135509
3.899623,102,64,1,3848,-0.485212,2.205915,-2.118307
3.916172,102,64,1,3849,-0.487436,2.205026,-2.100514
3.936188,102,64,1,3850,-0.489502,2.204199,-2.083987
3.952562,102,64,1,3851,-0.491857,2.203257,-2.065141
3.982551,102,64,1,3852,-0.494051,2.202380,-2.047594
3.999389,102,64,1,3853,-0.497654,2.200938,-2.018767
4.029750,102,64,1,3854,-0.499721,2.200112,-2.002235
4.046699,102,64,1,3855,-0.503502,2.198599,-1.971987
4.063211,102,64,1,3856,-0.505631,2.197748,-1.954955
4.079826,102,64,1,3857,-0.507885,2.196846,-1.936918
4.097240,102,64,1,3858,-0.509701,2.196120,-1.922394
4.114308,102,64,1,3859,-0.511889,2.195244,-1.904885
4.130808,102,64,1,3860,-0.514269,2.194293,-1.885850
4.147352,102,64,1,3861,-0.516335,2.193466,-1.869321
4.170702,102,64,1,3862,-0.518401,2.192640,-1.852794
4.187513,102,64,1,3863,-0.521039,2.191585,-1.831690
4.204918,102,64,1,3864,-0.523297,2.190681,-1.813621
4.221421,102,64,1,3865,-0.525405,2.189838,-1.796762
4.248409,102,64,1,3866,-0.527658,2.188937,-1.778737
4.266258,102,64,1,3867,-0.530888,2.187645,-1.752895
4.295559,102,64,1,3868,-0.533267,2.186693,-1.733862
4.312331,102,64,1,3869,-0.536898,2.185241,-1.704818
4.343507,102,64,1,3870,-0.538900,2.184440,-1.688797
4.375487,102,64,1,3871,-0.542720,2.182912,-1.658242
4.391816,102,64,1,3872,-0.546642,2.181343,-1.626861
4.422436,102,64,1,3873,-0.548833,2.180467,-1.609338
4.439405,102,64,1,3874,-0.552778,2.178889,-1.577778
4.468732,102,64,1,3875,-0.554719,2.178113,-1.562247
4.485187,102,64,1,3876,-0.558183,2.176727,-1.534534
4.515459,102,64,1,3877,-0.560624,2.175750,-1.515008
4.531820,102,64,1,3878,-0.564390,2.174244,-1.484879
4.549309,102,64,1,3879,-0.566459,2.173416,-1.468327
4.576557,102,64,1,3880,-0.568524,2.172590,-1.451806
4.593492,102,64,1,3881,-0.571791,2.171284,-1.425671
4.609729,102,64,1,3882,-0.574044,2.170382,-1.407651
4.627252,102,64,1,3883,-0.576199,2.169521,-1.390411
4.644332,102,64,1,3884,-0.578390,2.168644,-1.372882
4.660831,102,64,1,3885,-0.580519,2.167792,-1.355844
4.677821,102,64,1,3886,-0.582585,2.166966,-1.339320
4.694875,102,64,1,3887,-0.584462,2.166215,-1.324302
4.712369,102,64,1,3888,-0.586841,2.165264,-1.305274
4.729435,102,64,1,3889,-0.589031,2.164387,-1.287749
4.747135,102,64,1,3890,-0.590972,2.163611,-1.272221
4.764192,102,64,1,3891,-0.593375,2.162650,-1.253003
4.780781,102,64,1,3892,-0.595383,2.161847,-1.236933
4.797764,102,64,1,3893,-0.597450,2.161020,-1.220400
4.814350,102,64,1,3894,-0.599703,2.160119,-1.202379
4.831812,102,64,1,3895,-0.601769,2.159293,-1.185851
4.849835,102,64,1,3896,-0.603958,2.158417,-1.168334
4.876061,102,64,1,3897,-0.606214,2.157515,-1.150291
4.892416,102,64,1,3898,-0.609341,2.156264,-1.125269
4.922652,102,64,1,3899,-0.611533,2.155387,-1.107733
4.939515,102,64,1,3900,-0.615039,2.153985,-1.079688
4.956999,102,64,1,3901,-0.617423,2.153031,-1.060616
4.973935,102,64,1,3902,-0.619487,2.152205,-1.044107
5.000765,102,64,1,3903,-0.621538,2.151385,-1.027699
5.017008,102,64,1,3904,-0.625042,2.149983,-0.999661
5.047368,102,64,1,3905,-0.626982,2.149207,-0.984142
5.064505,102,64,1,3906,-0.630508,2.147797,-0.955936
5.093763,102,64,1,3907,-0.633045,2.146782,-0.935638
5.110763,102,64,1,3908,-0.636549,2.145380,-0.907611
5.128301,102,64,1,3909,-0.638703,2.144519,-0.890374
5.157070,102,64,1,3910,-0.640771,2.143692,-0.873835
5.173356,102,64,1,3911,-0.644463,2.142215,-0.844297
5.202668,102,64,1,3912,-0.646653,2.141339,-0.826774
5.234429,102,64,1,3913,-0.650302,2.139879,-0.797585
5.265466,102,64,1,3914,-0.654258,2.138297,-0.765933
5.283544,102,64,1,3915,-0.658021,2.136792,-0.735830
5.301078,102,64,1,3916,-0.660048,2.135981,-0.719615
5.327339,102,64,1,3917,-0.662614,2.134954,-0.699086
5.344423,102,64,1,3918,-0.665622,2.133751,-0.675027
5.375193,102,64,1,3919,-0.668036,2.132786,-0.655712
5.391475,102,64,1,3920,-0.671851,2.131260,-0.625194
5.409573,102,64,1,3921,-0.673918,2.130433,-0.608660
5.437290,102,64,1,3922,-0.676176,2.129529,-0.590588
5.453605,102,64,1,3923,-0.679368,2.128253,-0.565053
5.471443,102,64,1,3924,-0.681685,2.127326,-0.546521
5.488680,102,64,1,3925,-0.683784,2.126486,-0.529725
5.505224,102,64,1,3926,-0.686069,2.125573,-0.511451
5.530992,102,64,1,3927,-0.688135,2.124746,-0.494922
5.547798,102,64,1,3928,-0.691327,2.123469,-0.469381
5.579985,102,64,1,3929,-0.693458,2.122617,-0.452335
5.596854,102,64,1,3930,-0.697274,2.121090,-0.421808
5.627261,102,64,1,3931,-0.699590,2.120164,-0.403276
5.658143,102,64,1,3932,-0.703118,2.118753,-0.375058
5.675079,102,64,1,3933,-0.707229,2.117108,-0.342167
5.691601,102,64,1,3934,-0.709179,2.116328,-0.326570
5.709747,102,64,1,3935,-0.711430,2.115428,-0.308564
5.727134,102,64,1,3936,-0.713685,2.114526,-0.290518
5.743318,102,64,1,3937,-0.715755,2.113698,-0.273964
5.760333,102,64,1,3938,-0.717710,2.112916,-0.258320
5.776890,102,64,1,3939,-0.719900,2.112040,-0.240797
5.793904,102,64,1,3940,-0.721841,2.111264,-0.225275
5.810509,102,64,1,3941,-0.724219,2.110312,-0.206246
5.830599,102,64,1,3942,-0.726294,2.109482,-0.189644
5.846911,102,64,1,3943,-0.728656,2.108538,-0.170752
5.864092,102,64,1,3944,-0.730721,2.107712,-0.154235
5.880611,102,64,1,3945,-0.732993,2.106803,-0.136056
5.898148,102,64,1,3946,-0.735058,2.105977,-0.119536
5.915171,102,64,1,3947,-0.737249,2.105100,-0.102007
5.939944,102,64,1,3948,-0.739378,2.104249,-0.084977
5.970937,102,64,1,3949,-0.742450,2.103020,-0.060401
5.988317,102,64,1,3950,-0.746206,2.101518,-0.030351
6.018186,102,64,1,3951,-0.748149,2.100741,-0.014811
6.048269,102,64,1,3952,-0.752029,2.099189,0.016228
6.065215,102,64,1,3953,-0.755992,2.097603,0.047936
6.095335,102,64,1,3954,-0.758133,2.096747,0.065060
6.113289,102,64,1,3955,-0.761638,2.095345,0.093103
6.129650,102,64,1,3956,-0.763892,2.094443,0.111133
6.146675,102,64,1,3957,-0.766188,2.093525,0.129505
6.163180,102,64,1,3958,-0.767942,2.092823,0.143537
6.179699,102,64,1,3959,-0.770382,2.091847,0.163054
6.197252,102,64,1,3960,-0.772259,2.091096,0.178070
6.219902,102,64,1,3961,-0.774638,2.090145,0.197102
6.236804,102,64,1,3962,-0.777456,2.089018,0.219646
6.253334,102,64,1,3963,-0.779458,2.088217,0.235666
6.270376,102,64,1,3964,-0.781649,2.087340,0.253195
6.289419,102,64,1,3965,-0.783778,2.086489,0.270227
6.306936,102,64,1,3966,-0.786158,2.085537,0.289266
6.323197,102,64,1,3967,-0.788223,2.084711,0.305781
6.345552,102,64,1,3968,-0.790384,2.083846,0.323075
6.363290,102,64,1,3969,-0.793139,2.082744,0.345114
6.379795,102,64,1,3970,-0.795205,2.081918,0.361639
6.396337,102,64,1,3971,-0.797458,2.081017,0.379665
6.413862,102,64,1,3972,-0.799273,2.080291,0.394188
6.430388,102,64,1,3973,-0.801401,2.079440,0.411209
6.447912,102,64,1,3974,-0.803655,2.078538,0.429242
6.465165,102,64,1,3975,-0.805720,2.077712,0.445763
6.483186,102,64,1,3976,-0.808128,2.076749,0.465024
6.499706,102,64,1,3977,-0.810380,2.075848,0.483037
6.517177,102,64,1,3978,-0.812446,2.075022,0.499570
6.534205,102,64,1,3979,-0.814502,2.074199,0.516020
6.564385,102,64,1,3980,-0.816632,2.073347,0.533056
6.595058,102,64,1,3981,-0.820388,2.071845,0.563105
6.611830,102,64,1,3982,-0.824208,2.070317,0.593665
6.642689,102,64,1,3983,-0.826336,2.069466,0.610687
6.659552,102,64,1,3984,-0.830295,2.067882,0.642361
6.689839,102,64,1,3985,-0.832426,2.067029,0.659410
6.706257,102,64,1,3986,-0.836184,2.065526,0.689471
6.723534,102,64,1,3987,-0.838140,2.064744,0.705116
6.741072,102,64,1,3988,-0.840425,2.063830,0.723402
6.758161,102,64,1,3989,-0.842617,2.062953,0.740935
6.775201,102,64,1,3990,-0.844754,2.062099,0.758030
6.793221,102,64,1,3991,-0.846882,2.061247,0.775056
6.809922,102,64,1,3992,-0.849136,2.060346,0.793089
6.831461,102,64,1,3993,-0.851203,2.059519,0.809624
6.863496,102,64,1,3994,-0.853894,2.058443,0.831149
6.879748,102,64,1,3995,-0.857649,2.056940,0.861195
6.896237,102,64,1,3996,-0.859946,2.056022,0.879566
6.927102,102,64,1,3997,-0.861887,2.055245,0.895096
6.943366,102,64,1,3998,-0.865709,2.053716,0.925673
6.960359,102,64,1,3999,-0.867710,2.052916,0.941681
6.977910,102,64,1,4000,-0.870030,2.051988,0.960242
6.994936,102,64,1,4001,-0.871971,2.051212,0.975766
7.013238,102,64,1,4002,-0.874161,2.050336,0.993289
7.029625,102,64,1,4003,-0.876635,2.049346,1.013083
7.045857,102,64,1,4004,-0.878685,2.048526,1.029482
7.063399,102,64,1,4005,-0.880715,2.047714,1.045721
7.080587,102,64,1,4006,-0.882657,2.046937,1.061254
7.099639,102,64,1,4007,-0.885058,2.045977,1.080466
7.116302,102,64,1,4008,-0.887406,2.045038,1.099244
7.146248,102,64,1,4009,-0.889482,2.044207,1.115855
7.162616,102,64,1,4010,-0.892988,2.042805,1.143905
7.179628,102,64,1,4011,-0.895304,2.041878,1.162432
7.196444,102,64,1,4012,-0.897435,2.041026,1.179481
7.224410,102,64,1,4013,-0.899288,2.040285,1.194308
7.240635,102,64,1,4014,-0.902932,2.038827,1.223460
7.257821,102,64,1,4015,-0.904937,2.038025,1.239497
7.274381,102,64,1,4016,-0.907207,2.037117,1.257656
7.290831,102,64,1,4017,-0.909272,2.036291,1.274180
7.307854,102,64,1,4018,-0.911213,2.035515,1.289705
7.324900,102,64,1,4019,-0.913466,2.034614,1.307725
7.341199,102,64,1,4020,-0.915595,2.033762,1.324761
7.359410,102,64,1,4021,-0.917633,2.032947,1.341065
7.376255,102,64,1,4022,-0.919907,2.032037,1.359255
7.396339,102,64,1,4023,-0.921889,2.031244,1.375114
7.427467,102,64,1,4024,-0.924517,2.030193,1.396138
7.444487,102,64,1,4025,-0.928398,2.028641,1.427186
7.461244,102,64,1,4026,-0.930401,2.027840,1.443205
7.478227,102,64,1,4027,-0.932637,2.026945,1.461093
7.495273,102,64,1,4028,-0.934514,2.026194,1.476116
7.511819,102,64,1,4029,-0.936643,2.025343,1.493146
7.529391,102,64,1,4030,-0.938709,2.024516,1.509672
7.546844,102,64,1,4031,-0.941151,2.023539,1.529212
7.563621,102,64,1,4032,-0.943092,2.022763,1.544733
7.581217,102,64,1,4033,-0.945299,2.021880,1.562394
7.600774,102,64,1,4034,-0.947447,2.021021,1.579576
7.617263,102,64,1,4035,-0.949950,2.020020,1.599601
7.647436,102,64,1,4036,-0.952142,2.019143,1.617135
7.664328,102,64,1,4037,-0.955773,2.017691,1.646187
7.695011,102,64,1,4038,-0.957896,2.016841,1.663170
7.711356,102,64,1,4039,-0.961653,2.015338,1.693228
7.729394,102,64,1,4040,-0.963776,2.014490,1.710205
7.746751,102,64,1,4041,-0.966155,2.013538,1.729241
7.763290,102,64,1,4042,-0.968077,2.012769,1.744612
7.779801,102,64,1,4043,-0.970392,2.011843,1.763135
7.796434,102,64,1,4044,-0.972458,2.011017,1.779664
7.821135,102,64,1,4045,-0.974416,2.010234,1.795330
7.839550,102,64,1,4046,-0.977416,2.009033,1.819331
7.856179,102,64,1,4047,-0.979923,2.008031,1.839385
7.873189,102,64,1,4048,-0.981883,2.007247,1.855066
7.889610,102,64,1,4049,-0.984134,2.006346,1.873072
7.914575,102,64,1,4050,-0.986184,2.005527,1.889469
7.930846,102,64,1,4051,-0.989149,2.004340,1.913191
7.949515,102,64,1,4052,-0.991152,2.003539,1.929214
7.965775,102,64,1,4053,-0.993669,2.002532,1.949350
7.981970,102,64,1,4054,-0.995639,2.001744,1.965114
7.999462,102,64,1,4055,-0.997729,2.000908,1.981830
8.016852,102,64,1,4056,-0.999916,2.000034,1.999330
8.033867,102,64,1,4057,-0.992403,2.000000,1.998101
8.050403,102,64,1,4058,-0.983390,2.000000,1.995848
8.067012,102,64,1,4059,-0.975365,2.000000,1.993841
8.084031,102,64,1,4060,-0.967057,2.000000,1.991764
8.100586,102,64,1,4061,-0.958796,2.000000,1.989699
8.116755,102,64,1,4062,-0.950287,2.000000,1.987572
8.133227,102,64,1,4063,-0.942251,2.000000,1.985563
8.150241,102,64,1,4064,-0.934208,2.000000,1.983552
8.179571,102,64,1,4065,-0.925444,2.000000,1.981361
8.195872,102,64,1,4066,-0.911400,2.000000,1.977850
8.213399,102,64,1,4067,-0.902642,2.000000,1.975661
8.229708,102,64,1,4068,-0.893875,2.000000,1.973469
8.246245,102,64,1,4069,-0.885222,2.000000,1.971305
8.263295,102,64,1,4070,-0.876960,2.000000,1.969240
8.288069,102,64,1,4071,-0.869192,2.000000,1.967298
8.304487,102,64,1,4072,-0.856095,2.000000,1.964024
8.335518,102,64,1,4073,-0.849057,2.000000,1.962264
8.351826,102,64,1,4074,-0.832953,2.000000,1.958238
8.381938,102,64,1,4075,-0.824176,2.000000,1.956044
8.412698,102,64,1,4076,-0.810161,2.000000,1.952540
8.429609,102,64,1,4077,-0.793792,2.000000,1.948448
8.459885,102,64,1,4078,-0.785263,2.000000,1.946316
8.476169,102,64,1,4079,-0.770247,2.000000,1.942562
8.493208,102,64,1,4080,-0.762485,2.000000,1.940621
8.510211,102,64,1,4081,-0.754218,2.000000,1.938554
8.538398,102,64,1,4082,-0.744958,2.000000,1.936239
8.570056,102,64,1,4083,-0.731442,2.000000,1.932860
8.601446,102,64,1,4084,-0.715168,2.000000,1.928792
8.617921,102,64,1,4085,-0.699398,2.000000,1.924849
8.634964,102,64,1,4086,-0.691132,2.000000,1.922783
8.652422,102,64,1,4087,-0.683370,2.000000,1.920843
8.669462,102,64,1,4088,-0.674857,2.000000,1.918714
8.685998,102,64,1,4089,-0.665843,2.000000,1.916461
8.702537,102,64,1,4090,-0.657574,2.000000,1.914394
8.719612,102,64,1,4091,-0.648801,2.000000,1.912200
8.736120,102,64,1,4092,-0.640274,2.000000,1.910069
8.753664,102,64,1,4093,-0.632013,2.000000,1.908003
8.770666,102,64,1,4094,-0.623236,2.000000,1.905809
8.787721,102,64,1,4095,-0.615961,2.000000,1.903990
8.804281,102,64,1,4096,-0.606709,2.000000,1.901677
8.836451,102,64,1,4097,-0.599181,2.000000,1.899795
8.867678,102,64,1,4098,-0.581930,2.000000,1.895482
8.884767,102,64,1,4099,-0.567400,2.000000,1.891850
8.901360,102,64,1,4100,-0.557694,2.000000,1.889423
8.919406,102,64,1,4101,-0.550149,2.000000,1.887537
8.936905,102,64,1,4102,-0.540376,2.000000,1.885094
8.953944,102,64,1,4103,-0.532117,2.000000,1.883029
8.970447,102,64,1,4104,-0.523854,2.000000,1.880964
8.987987,102,64,1,4105,-0.515339,2.000000,1.878835
9.004985,102,64,1,4106,-0.506073,2.000000,1.876518
9.023685,102,64,1,4107,-0.498321,2.000000,1.874580
9.040669,102,64,1,4108,-0.488294,2.000000,1.872074
9.058089,102,64,1,4109,-0.480286,2.000000,1.870071
9.075131,102,64,1,4110,-0.471020,2.000000,1.867755
9.092650,102,64,1,4111,-0.463009,2.000000,1.865752
9.110220,102,64,1,4112,-0.453744,2.000000,1.863436
9.126753,102,64,1,4113,-0.445968,2.000000,1.861492
9.143396,102,64,1,4114,-0.437214,2.000000,1.859303
9.165200,102,64,1,4115,-0.428376,2.000000,1.857094
9.181620,102,64,1,4116,-0.417618,2.000000,1.854404
9.199619,102,64,1,4117,-0.410266,2.000000,1.852567
9.217490,102,64,1,4118,-0.401012,2.000000,1.850253
9.243699,102,64,1,4119,-0.391328,2.000000,1.847832
9.261009,102,64,1,4120,-0.378816,2.000000,1.844704
9.290604,102,64,1,4121,-0.370318,2.000000,1.842579
9.307066,102,64,1,4122,-0.354796,2.000000,1.838699
9.323617,102,64,1,4123,-0.346528,2.000000,1.836632
9.341628,102,64,1,4124,-0.338263,2.000000,1.834566
9.358186,102,64,1,4125,-0.329753,2.000000,1.832438
9.383802,102,64,1,4126,-0.320979,2.000000,1.830245
9.400758,102,64,1,4127,-0.308956,2.000000,1.827239
9.418281,102,64,1,4128,-0.300190,2.000000,1.825048
9.446603,102,64,1,4129,-0.291926,2.000000,1.822982
9.463368,102,64,1,4130,-0.278403,2.000000,1.819601
9.479653,102,64,1,4131,-0.268886,2.000000,1.817222
9.508967,102,64,1,4132,-0.261013,2.000000,1.815253
9.525720,102,64,1,4133,-0.246219,2.000000,1.811555
9.555140,102,64,1,4134,-0.237202,2.000000,1.809301
9.571426,102,64,1,4135,-0.223371,2.000000,1.805843
9.601694,102,64,1,4136,-0.214352,2.000000,1.803588
9.618068,102,64,1,4137,-0.200312,2.000000,1.800078
9.635098,102,64,1,4138,-0.192043,2.000000,1.798011
9.652610,102,64,1,4139,-0.182518,2.000000,1.795630
9.669378,102,64,1,4140,-0.175256,2.000000,1.793814
9.686500,102,64,1,4141,-0.165372,2.000000,1.791343
9.703493,102,64,1,4142,-0.156822,2.000000,1.789205
9.719716,102,64,1,4143,-0.148318,2.000000,1.787080
9.736277,102,64,1,4144,-0.140938,2.000000,1.785234
9.753273,102,64,1,4145,-0.132447,2.000000,1.783112
9.769805,102,64,1,4146,-0.123436,2.000000,1.780859
9.786378,102,64,1,4147,-0.115163,2.000000,1.778791
9.803388,102,64,1,4148,-0.106895,2.000000,1.776724
9.819788,102,64,1,4149,-0.098383,2.000000,1.774596
9.837658,102,64,1,4150,-0.090232,2.000000,1.772558
9.854182,102,64,1,4151,-0.081230,2.000000,1.770308
9.871712,102,64,1,4152,-0.072965,2.000000,1.768241
9.888269,102,64,1,4153,-0.064705,2.000000,1.766176
9.915386,102,64,1,4154,-0.055931,2.000000,1.763983
9.946130,102,64,1,4155,-0.043405,2.000000,1.760851
9.977461,102,64,1,4156,-0.027567,2.000000,1.756892
10.010152,102,64,1,4157,-0.012494,2.000000,1.753124
10.041058,102,64,1,4158,0.004809,2.000000,1.748798
10.057354,102,64,1,4159,0.020350,2.000000,1.744913
10.074895,102,64,1,4160,0.028616,2.000000,1.742846
10.092418,102,64,1,4161,0.036631,2.000000,1.740842
10.119549,102,64,1,4162,0.046140,2.000000,1.738465
10.135980,102,64,1,4163,0.058907,2.000000,1.735273
10.153509,102,64,1,4164,0.067424,2.000000,1.733144
10.169719,102,64,1,4165,0.076187,2.000000,1.730953
10.186244,102,64,1,4166,0.084787,2.000000,1.728803
10.213453,102,64,1,4167,0.093050,2.000000,1.726737
10.229881,102,64,1,4168,0.105810,2.000000,1.723548
10.246371,102,64,1,4169,0.114845,2.000000,1.721289
10.263855,102,64,1,4170,0.122608,2.000000,1.719348
10.280607,102,64,1,4171,0.130618,2.000000,1.717345
10.297173,102,64,1,4172,0.140236,2.000000,1.714941
10.324524,102,64,1,4173,0.148512,2.000000,1.712872
10.341310,102,64,1,4174,0.161563,2.000000,1.709609
10.358338,102,64,1,4175,0.170582,2.000000,1.707354
10.374832,102,64,1,4176,0.178107,2.000000,1.705473
10.391732,102,64,1,4177,0.187356,2.000000,1.703161
10.408288,102,64,1,4178,0.195295,2.000000,1.701176
10.425299,102,64,1,4179,0.203058,2.000000,1.699235
10.441795,102,64,1,4180,0.211576,2.000000,1.697106
10.459823,102,64,1,4181,0.220834,2.000000,1.694792
10.476989,102,64,1,4182,0.229099,2.000000,1.692725
10.494040,102,64,1,4183,0.237937,2.000000,1.690516
10.510597,102,64,1,4184,0.246954,2.000000,1.688262
10.527101,102,64,1,4185,0.255219,2.000000,1.686195
10.544103,102,64,1,4186,0.263484,2.000000,1.684129
10.561648,102,64,1,4187,0.271746,2.000000,1.682063
10.578559,102,64,1,4188,0.280755,2.000000,1.679811
10.604481,102,64,1,4189,0.289038,2.000000,1.677740
10.620781,102,64,1,4190,0.301555,2.000000,1.674611
10.637381,102,64,1,4191,0.310322,2.000000,1.672420
10.667019,102,64,1,4192,0.318604,2.000000,1.670349
10.683931,102,64,1,4193,0.332372,2.000000,1.666907
10.713722,102,64,1,4194,0.341650,2.000000,1.664588
10.730596,102,64,1,4195,0.356679,2.000000,1.660830
10.747045,102,64,1,4196,0.365179,2.000000,1.658705
10.764098,102,64,1,4197,0.373444,2.000000,1.656639
10.780628,102,64,1,4198,0.381987,2.000000,1.654503
10.808421,102,64,1,4199,0.390256,2.000000,1.652436
10.824746,102,64,1,4200,0.403523,2.000000,1.649119
10.855652,102,64,1,4201,0.412307,2.000000,1.646923
10.873344,102,64,1,4202,0.426590,2.000000,1.643352
10.902766,102,64,1,4203,0.436608,2.000000,1.640848
10.919797,102,64,1,4204,0.451127,2.000000,1.637218
10.937343,102,64,1,4205,0.459835,2.000000,1.635041
10.966312,102,64,1,4206,0.467602,2.000000,1.633099
10.984749,102,64,1,4207,0.482895,2.000000,1.629276
11.013515,102,64,1,4208,0.492301,2.000000,1.626925
11.044287,102,64,1,4209,0.506587,2.000000,1.623353
11.060682,102,64,1,4210,0.521667,2.000000,1.619583
11.078069,102,64,1,4211,0.530193,2.000000,1.617452
11.095071,102,64,1,4212,0.538962,2.000000,1.615260
11.112593,102,64,1,4213,0.546971,2.000000,1.613257
11.129639,102,64,1,4214,0.556235,2.000000,1.610941
11.146166,102,64,1,4215,0.564005,2.000000,1.608999
11.163200,102,64,1,4216,0.572023,2.000000,1.606994
11.179727,102,64,1,4217,0.581539,2.000000,1.604615
11.196268,102,64,1,4218,0.589804,2.000000,1.602549
11.213306,102,64,1,4219,0.598073,2.000000,1.600482
11.232064,102,64,1,4220,0.606588,2.000000,1.598353
11.263505,102,64,1,4221,0.615361,2.000000,1.596160
11.280411,102,64,1,4222,0.631128,2.000000,1.592218
11.310619,102,64,1,4223,0.640150,2.000000,1.589962
11.327040,102,64,1,4224,0.654675,2.000000,1.586331
11.344128,102,64,1,4225,0.662445,2.000000,1.584389
11.373341,102,64,1,4226,0.672002,2.000000,1.581999
11.389734,102,64,1,4227,0.686529,2.000000,1.578368
11.419967,102,64,1,4228,0.693807,2.000000,1.576548
11.436373,102,64,1,4229,0.709078,2.000000,1.572731
11.466378,102,64,1,4230,0.718115,2.000000,1.570471
11.483222,102,64,1,4231,0.732536,2.000000,1.566866
11.513697,102,64,1,4232,0.741549,2.000000,1.564613
11.529879,102,64,1,4233,0.755592,2.000000,1.561102
11.559678,102,64,1,4234,0.764861,2.000000,1.558785
11.591113,102,64,1,4235,0.778738,2.000000,1.555316
11.607900,102,64,1,4236,0.795366,2.000000,1.551158
11.624685,102,64,1,4237,0.802879,2.000000,1.549280
11.653622,102,64,1,4238,0.812278,2.000000,1.546931
11.670428,102,64,1,4239,0.826607,2.000000,1.543348
11.687507,102,64,1,4240,0.835148,2.000000,1.541213
11.704297,102,64,1,4241,0.843664,2.000000,1.539084
11.731973,102,64,1,4242,0.851524,2.000000,1.537119
11.748265,102,64,1,4243,0.864794,2.000000,1.533801
11.765317,102,64,1,4244,0.874071,2.000000,1.531482
11.793638,102,64,1,4245,0.882079,2.000000,1.529480
11.810366,102,64,1,4246,0.896611,2.000000,1.525847
11.827918,102,64,1,4247,0.905124,2.000000,1.523719
11.844927,102,64,1,4248,0.912891,2.000000,1.521777
11.872448,102,64,1,4249,0.921902,2.000000,1.519525
11.888969,102,64,1,4250,0.936080,2.000000,1.515980
11.905195,102,64,1,4251,0.943353,2.000000,1.514162
11.935326,102,64,1,4252,0.951694,2.000000,1.512076
11.951746,102,64,1,4253,0.967533,2.000000,1.508117
11.969886,102,64,1,4254,0.975809,2.000000,1.506048
11.986826,102,64,1,4255,0.984830,2.000000,1.503793
12.003379,102,64,1,4256,0.992593,2.000000,1.501852
12.028775,102,64,1,4257,1.001609,2.000000,1.499598
12.045727,102,64,1,4258,1.013724,2.000000,1.496569
12.076556,102,64,1,4259,1.022793,2.000000,1.494302
12.094701,102,64,1,4260,1.036571,2.000000,1.490857
12.111080,102,64,1,4261,1.047223,2.000000,1.488194
12.128123,102,64,1,4262,1.055475,2.000000,1.486131
12.153903,102,64,1,4263,1.062982,2.000000,1.484255
12.170827,102,64,1,4264,1.075758,2.000000,1.481061
12.188586,102,64,1,4265,1.085352,2.000000,1.478662
12.216419,102,64,1,4266,1.093721,2.000000,1.476570
12.233370,102,64,1,4267,1.107106,2.000000,1.473223
12.249614,102,64,1,4268,1.116621,2.000000,1.470845
12.279947,102,64,1,4269,1.123981,2.000000,1.469005
12.310742,102,64,1,4270,1.139760,2.000000,1.465060
12.327014,102,64,1,4271,1.155205,2.000000,1.461199
12.356733,102,64,1,4272,1.162935,2.000000,1.459266
12.373896,102,64,1,4273,1.177206,2.000000,1.455699
12.402771,102,64,1,4274,1.186119,2.000000,1.453470
12.419617,102,64,1,4275,1.200683,2.000000,1.449829
12.450012,102,64,1,4276,1.209701,2.000000,1.447575
12.480939,102,64,1,4277,1.224055,2.000000,1.443986
12.497319,102,64,1,4278,1.239330,2.000000,1.440167
12.528001,102,64,1,4279,1.248598,2.000000,1.437850
12.544904,102,64,1,4280,1.262878,2.000000,1.434281
12.562452,102,64,1,4281,1.272397,2.000000,1.431901
12.579547,102,64,1,4282,1.281159,2.000000,1.429710
12.596079,102,64,1,4283,1.289684,2.000000,1.427579
12.612572,102,64,1,4284,1.297947,2.000000,1.425513
12.629619,102,64,1,4285,1.306217,2.000000,1.423446
12.646135,102,64,1,4286,1.314230,2.000000,1.421443
12.668322,102,64,1,4287,1.323000,2.000000,1.419250
12.685887,102,64,1,4288,1.334022,2.000000,1.416495
12.703299,102,64,1,4289,1.342816,2.000000,1.414296
12.731046,102,64,1,4290,1.351562,2.000000,1.412109
12.763627,102,64,1,4291,1.364830,2.000000,1.408792
12.780438,102,64,1,4292,1.381610,2.000000,1.404598
12.798057,102,64,1,4293,1.390122,2.000000,1.402470
12.815037,102,64,1,4294,1.398383,2.000000,1.400404
12.831582,102,64,1,4295,1.406665,2.000000,1.398334
12.864794,102,64,1,4296,1.415725,2.000000,1.396069
12.887948,102,64,1,4298,1.432326,2.000000,1.391919
12.904382,102,64,1,4299,1.443344,2.000000,1.389164
12.935042,102,64,1,4300,1.451606,2.000000,1.387099
12.966107,102,64,1,4301,1.466627,2.000000,1.383343
12.983566,102,64,1,4302,1.482901,2.000000,1.379275
13.000499,102,64,1,4303,1.490920,2.000000,1.377270
13.029879,102,64,1,4304,1.500192,2.000000,1.374952
13.046268,102,64,1,4305,1.514053,2.000000,1.371487
13.077023,102,64,1,4306,1.522571,2.000000,1.369357
13.124149,102,64,1,4307,1.537850,2.000000,1.365537
13.155270,102,64,1,4309,1.561874,2.000000,1.359531
13.173422,102,64,1,4310,1.576616,2.000000,1.355846
13.191330,102,64,1,4311,1.585639,2.000000,1.353590
13.209441,102,64,1,4312,1.595094,2.000000,1.351227
13.232637,102,64,1,4313,1.604653,2.000000,1.348837
13.249597,102,64,1,4314,1.615203,2.000000,1.346199
13.267052,102,64,1,4315,1.622969,2.000000,1.344258
13.283957,102,64,1,4316,1.632898,2.000000,1.341776
13.311195,102,64,1,4317,1.641919,2.000000,1.339520
13.357270,102,64,1,4318,1.655434,2.000000,1.336142
13.373644,102,64,1,4320,1.677983,2.000000,1.330504
13.404364,102,64,1,4321,1.686244,2.000000,1.328439
13.436093,102,64,1,4322,1.701550,2.000000,1.324612
13.453382,102,64,1,4323,1.717331,2.000000,1.320667
13.469698,102,64,1,4324,1.726615,2.000000,1.318346
13.486744,102,64,1,4325,1.734034,2.000000,1.316491
13.503277,102,64,1,4326,1.742554,2.000000,1.314362
13.519801,102,64,1,4327,1.751576,2.000000,1.312106
13.546442,102,64,1,4328,1.759840,2.000000,1.310040
13.563587,102,64,1,4329,1.773109,2.000000,1.306723
13.580954,102,64,1,4330,1.779626,2.000000,1.305094
13.597664,102,64,1,4331,1.789650,2.000000,1.302588
13.625276,102,64,1,4332,1.798743,2.000000,1.300314
13.656475,102,64,1,4333,1.812012,2.000000,1.296997
13.673267,102,64,1,4334,1.827544,2.000000,1.293114
13.689964,102,64,1,4335,1.836564,2.000000,1.290859
13.719632,102,64,1,4336,1.844334,2.000000,1.288916
13.737106,102,64,1,4337,1.858113,2.000000,1.285472
13.766052,102,64,1,4338,1.867958,2.000000,1.283010
13.797265,102,64,1,4339,1.882897,2.000000,1.279276
13.827738,102,64,1,4340,1.897923,2.000000,1.275519
13.845073,102,64,1,4341,1.913700,2.000000,1.271575
13.862570,102,64,1,4342,1.921713,2.000000,1.269572
13.888875,102,64,1,4343,1.929728,2.000000,1.267568
13.922483,102,64,1,4344,1.944323,2.000000,1.263919
13.939512,102,64,1,4346,1.961169,2.000000,1.259708
13.973579,102,64,1,4347,1.969680,2.000000,1.257580
13.997524,102,64,1,4349,1.986710,2.000000,1.253323
14.028642,102,64,1,4350,1.998569,2.000000,1.250358
14.059499,102,64,1,4351,2.013618,2.000000,1.246595
14.075978,102,64,1,4352,2.028892,2.000000,1.242777
14.093385,102,64,1,4353,2.037914,2.000000,1.240522
14.109617,102,64,1,4354,2.046626,2.000000,1.238343
14.127137,102,64,1,4355,2.054748,2.000000,1.236313
14.153456,102,64,1,4356,2.063009,2.000000,1.234248
14.170388,102,64,1,4357,2.076028,2.000000,1.230993
14.199550,102,64,1,4358,2.085134,2.000000,1.228716
14.216010,102,64,1,4359,2.098911,2.000000,1.225272
14.233521,102,64,1,4360,2.107929,2.000000,1.223018
14.267225,102,64,1,4361,2.116701,2.000000,1.220825
14.301321,102,64,1,4363,2.133540,2.000000,1.216615
14.324562,102,64,1,4365,2.149835,2.000000,1.212541
14.355614,102,64,1,4366,2.161608,2.000000,1.209598
14.389246,102,64,1,4367,2.177394,2.000000,1.205651
14.417422,102,64,1,4369,2.193548,2.000000,1.201613
14.434547,102,64,1,4370,2.208611,2.000000,1.197847
14.465230,102,64,1,4371,2.216622,2.000000,1.195844
14.499665,102,64,1,4372,2.231724,2.000000,1.192069
14.543987,102,64,1,4374,2.249763,2.000000,1.187559
14.591121,102,64,1,4376,2.271556,2.000000,1.182111
14.608766,102,64,1,4378,2.294366,2.000000,1.176409
14.654919,102,64,1,4379,2.304297,2.000000,1.173926
14.671524,102,64,1,4381,2.326631,2.000000,1.168342
14.705089,102,64,1,4382,2.335178,2.000000,1.166206
14.722647,102,64,1,4384,2.352463,2.000000,1.161884
14.765504,102,64,1,4385,2.360760,2.000000,1.159810
14.782333,102,64,1,4387,2.382552,2.000000,1.154362
14.813681,102,64,1,4388,2.391081,2.000000,1.152230
14.830559,102,64,1,4389,2.406619,2.000000,1.148345
14.860754,102,64,1,4390,2.414717,2.000000,1.146321
14.893349,102,64,1,4391,2.429762,2.000000,1.142559
14.940072,102,64,1,4392,2.445776,2.000000,1.138556
14.971036,102,64,1,4394,2.469821,2.000000,1.132545
14.987398,102,64,1,4395,2.485346,2.000000,1.128664
15.004863,102,64,1,4396,2.491612,2.000000,1.127097
15.021247,102,64,1,4397,2.501863,2.000000,1.124534
15.055153,102,64,1,4398,2.509810,2.000000,1.122547
15.095451,102,64,1,4400,2.526725,2.000000,1.118319
15.111708,102,64,1,4402,2.546606,2.000000,1.113349
15.129759,102,64,1,4403,2.555785,2.000000,1.111054
15.158478,102,64,1,4404,2.564803,2.000000,1.108799
15.175360,102,64,1,4405,2.578083,2.000000,1.105479
15.206169,102,64,1,4406,2.586608,2.000000,1.103348
15.237251,102,64,1,4407,2.602876,2.000000,1.099281
15.253533,102,64,1,4408,2.617912,2.000000,1.095522
15.283611,102,64,1,4409,2.626684,2.000000,1.093329
15.314136,102,64,1,4410,2.641587,2.000000,1.089603
15.345261,102,64,1,4411,2.656204,2.000000,1.085949
15.361625,102,64,1,4412,2.671981,2.000000,1.082005
15.379667,102,64,1,4413,2.680749,2.000000,1.079813
15.396197,102,64,1,4414,2.689767,2.000000,1.077558
15.413234,102,64,1,4415,2.697538,2.000000,1.075615
15.439914,102,64,1,4416,2.706554,2.000000,1.073362
15.471464,102,64,1,4417,2.719074,2.000000,1.070232
15.505472,102,64,1,4418,2.735597,2.000000,1.066101
15.534009,102,64,1,4420,2.752663,2.000000,1.061834
15.550474,102,64,1,4421,2.766646,2.000000,1.058339
15.580934,102,64,1,4422,2.775169,2.000000,1.056208
15.597206,102,64,1,4423,2.789271,2.000000,1.052682
15.627412,102,64,1,4424,2.798541,2.000000,1.050365
15.659485,102,64,1,4425,2.812575,2.000000,1.046856
15.690599,102,64,1,4426,2.828606,2.000000,1.042849
15.721524,102,64,1,4427,2.845130,2.000000,1.038718
15.738030,102,64,1,4428,2.860155,2.000000,1.034961
15.755011,102,64,1,4429,2.868917,2.000000,1.032771
15.772538,102,64,1,4430,2.877435,2.000000,1.030641
15.807345,102,64,1,4431,2.885205,2.000000,1.028699
15.831599,102,64,1,4433,2.903579,2.000000,1.024105
15.847874,102,64,1,4434,2.914602,2.000000,1.021349
15.864425,102,64,1,4435,2.923871,2.000000,1.019032
15.895182,102,64,1,4436,2.931639,2.000000,1.017090
15.911569,102,64,1,4437,2.947413,2.000000,1.013147
15.929795,102,64,1,4438,2.954188,2.000000,1.011453
15.956204,102,64,1,4439,2.963782,2.000000,1.009054
16.002933,102,64,1,4440,2.977899,2.000000,1.005525
16.037250,102,64,1,4442,2.999171,2.000387,1.002488
16.054243,102,64,1,4444,2.988301,2.005460,1.035099
16.072288,102,64,1,4445,2.982288,2.008265,1.053135
16.111914,102,64,1,4446,2.976946,2.010758,1.069162
16.128232,102,64,1,4448,2.963477,2.017044,1.109568
16.159978,102,64,1,4449,2.957633,2.019771,1.127100
16.191051,102,64,1,4450,2.946780,2.024836,1.159659
16.207965,102,64,1,4451,2.936763,2.029511,1.189711
16.239553,102,64,1,4452,2.930752,2.032316,1.207744
16.273475,102,64,1,4453,2.920236,2.037223,1.239291
16.306276,102,64,1,4455,2.909888,2.042052,1.270335
16.323441,102,64,1,4457,2.898290,2.047465,1.305131
16.357402,102,64,1,4458,2.892282,2.050268,1.323152
16.380489,102,64,1,4460,2.880931,2.055565,1.357206
16.427141,102,64,1,4461,2.873255,2.059148,1.380236
16.459545,102,64,1,4463,2.858048,2.066244,1.425855
16.489695,102,64,1,4465,2.846863,2.071464,1.459412
16.506099,102,64,1,4466,2.837181,2.075982,1.488457
16.536260,102,64,1,4467,2.831337,2.078709,1.505988
16.553190,102,64,1,4468,2.821988,2.083072,1.534034
16.569444,102,64,1,4469,2.816645,2.085565,1.550063
16.599691,102,64,1,4470,2.810230,2.088559,1.569309
16.617303,102,64,1,4471,2.800528,2.093087,1.598418
16.646545,102,64,1,4472,2.795299,2.095527,1.614102
16.680379,102,64,1,4473,2.785613,2.100047,1.643161
16.709029,102,64,1,4475,2.773259,2.105812,1.680223
16.743229,102,64,1,4476,2.763827,2.110214,1.708518
16.776267,102,64,1,4478,2.752813,2.115354,1.741560
16.809685,102,64,1,4480,2.741627,2.120574,1.775118
16.827589,102,64,1,4482,2.730669,2.125688,1.807991
16.844135,102,64,1,4483,2.724193,2.128710,1.827422
16.863652,102,64,1,4484,2.719187,2.131046,1.842437
16.879886,102,64,1,4485,2.712175,2.134319,1.863476
16.914808,102,64,1,4486,2.706774,2.136839,1.879679
16.942630,102,64,1,4488,2.695118,2.142278,1.914647
16.973598,102,64,1,4489,2.685934,2.146564,1.942199
17.008191,102,64,1,4490,2.676569,2.150934,1.970292
17.043257,102,64,1,4492,2.663984,2.156808,2.008049
17.076295,102,64,1,4494,2.652297,2.162261,2.043109
17.110656,102,64,1,4496,2.641279,2.167403,2.076163
17.144223,102,64,1,4498,2.629834,2.172744,2.110499
17.161591,102,64,1,4500,2.618977,2.177811,2.143069
17.207442,102,64,1,4501,2.612861,2.180665,2.161418
17.224316,102,64,1,4503,2.597663,2.187757,2.207012
17.254556,102,64,1,4504,2.592297,2.190261,2.223108
17.286517,102,64,1,4505,2.582267,2.194942,2.253198
17.317191,102,64,1,4506,2.571941,2.199761,2.284176
17.349514,102,64,1,4507,2.561418,2.204672,2.315747
17.366991,102,64,1,4509,2.550727,2.209661,2.347820
17.383184,102,64,1,4510,2.544711,2.212468,2.365868
17.417332,102,64,1,4511,2.539490,2.214905,2.381531
17.456396,102,64,1,4513,2.527637,2.220436,2.417089
17.487406,102,64,1,4515,2.514994,2.226336,2.455018
17.534549,102,64,1,4516,2.504644,2.231166,2.486069
17.565642,102,64,1,4518,2.488618,2.238645,2.534145
17.599808,102,64,1,4519,2.478554,2.243342,2.564340
17.643558,102,64,1,4521,2.466791,2.248831,2.599627
17.677928,102,64,1,4523,2.452265,2.255610,2.643207
17.694957,102,64,1,4525,2.441747,2.260518,2.674759
17.729852,102,64,1,4526,2.435067,2.263635,2.694799
17.753488,102,64,1,4528,2.423965,2.268816,2.728106
17.787664,102,64,1,4529,2.415617,2.272712,2.753149
17.832051,102,64,1,4531,2.404503,2.277899,2.786491
17.866416,102,64,1,4533,2.389784,2.284767,2.830647
17.899737,102,64,1,4535,2.378250,2.290150,2.865249
17.933329,102,64,1,4537,2.367311,2.295255,2.898068
17.956609,102,64,1,4539,2.355613,2.300714,2.933160
17.990572,102,64,1,4540,2.348242,2.304154,2.955275
18.024966,102,64,1,4542,2.336576,2.309598,2.990271
18.051623,102,64,1,4544,2.325103,2.314952,3.024693
18.098206,102,64,1,4545,2.316923,2.318769,3.049230
18.128919,102,64,1,4547,2.301386,2.326020,3.095844
18.145803,102,64,1,4548,2.290795,2.330963,3.127616
18.176552,102,64,1,4549,2.285113,2.333614,3.144660
18.194108,102,64,1,4550,2.275263,2.338211,3.174210
18.228225,102,64,1,4551,2.269850,2.340736,3.190449
18.246238,102,64,1,4553,2.257646,2.346432,3.227063
18.279978,102,64,1,4554,2.252301,2.348926,3.243098
18.296959,102,64,1,4556,2.240616,2.354379,3.278151
18.329535,102,64,1,4557,2.234725,2.357128,3.295825
18.346848,102,64,1,4559,2.223538,2.362349,3.329387
18.380099,102,64,1,4560,2.218470,2.364714,3.344590
18.425374,102,64,1,4562,2.206784,2.370167,3.379648
18.443395,102,64,1,4564,2.192183,2.376981,3.423451
18.471557,102,64,1,4565,2.186064,2.379837,3.441807
18.488043,102,64,1,4566,2.176899,2.384114,3.469304
18.518342,102,64,1,4567,2.170721,2.386997,3.487839
18.565487,102,64,1,4568,2.160705,2.391671,3.517885
18.581984,102,64,1,4570,2.144941,2.399028,3.565177
18.616001,102,64,1,4571,2.140092,2.401290,3.579723
18.649576,102,64,1,4573,2.128735,2.406590,3.613795
18.675034,102,64,1,4575,2.117382,2.411888,3.647853
18.693398,102,64,1,4576,2.108442,2.416060,3.674674
18.710419,102,64,1,4577,2.102754,2.418715,3.691737
18.736181,102,64,1,4578,2.096578,2.421597,3.710266
18.782826,102,64,1,4579,2.088392,2.425417,3.734823
18.813749,102,64,1,4581,2.072530,2.432819,3.782410
18.831303,102,64,1,4582,2.062823,2.437349,3.811530
18.848392,102,64,1,4583,2.056593,2.440257,3.830220
18.882486,102,64,1,4584,2.050937,2.442896,3.847189
18.905149,102,64,1,4586,2.039887,2.448053,3.880340
18.952361,102,64,1,4587,2.031669,2.451888,3.904992
18.987401,102,64,1,4589,2.015982,2.459208,3.952055
19.004290,102,64,1,4591,2.004247,2.464685,3.987260
19.030977,102,64,1,4592,1.998621,2.467310,4.004138
19.047315,102,64,1,4593,1.990107,2.471283,4.029677
19.064563,102,64,1,4594,1.984263,2.474011,4.047212
19.093751,102,64,1,4595,1.978519,2.476691,4.064442
19.128342,102,64,1,4596,1.969173,2.481052,4.092480
19.155994,102,64,1,4598,1.957271,2.486607,4.128185
19.202560,102,64,1,4599,1.948424,2.490736,4.154728
19.233628,102,64,1,4601,1.932565,2.498137,4.202305
19.250670,102,64,1,4602,1.922879,2.502656,4.231363
19.268210,102,64,1,4603,1.916476,2.505645,4.250573
19.303286,102,64,1,4604,1.910632,2.508372,4.268104
19.337318,102,64,1,4606,1.898942,2.513827,4.303173
19.369540,102,64,1,4608,1.888264,2.518810,4.335208
19.387319,102,64,1,4610,1.877361,2.523899,4.367918
19.406948,102,64,1,4611,1.871929,2.526433,4.384214
19.453524,102,64,1,4612,1.865087,2.529626,4.404739
19.499999,102,64,1,4614,1.849921,2.536704,4.450237
19.533281,102,64,1,4616,1.833460,2.544385,4.499619
19.561945,102,64,1,4618,1.822278,2.549603,4.533165
19.594376,102,64,1,4619,1.813104,2.553885,4.560688
19.625181,102,64,1,4621,1.802251,2.558949,4.593247
19.659467,102,64,1,4622,1.792240,2.563621,4.623279
19.693243,102,64,1,4624,1.780214,2.569233,4.659358
19.718662,102,64,1,4626,1.768964,2.574484,4.693109
19.749523,102,64,1,4627,1.760947,2.578225,4.717159
19.780620,102,64,1,4628,1.750593,2.583056,4.748220
19.811771,102,64,1,4629,1.740217,2.587899,4.779348
19.858276,102,64,1,4630,1.729849,2.592737,4.810453
19.892163,102,64,1,4632,1.714656,2.599827,4.856033
19.920931,102,64,1,4634,1.703464,2.605050,4.889609
19.953334,102,64,1,4635,1.693118,2.609878,4.920645
19.986887,102,64,1,4637,1.682265,2.614943,4.953205
20.019589,102,64,1,4639,1.671417,2.620006,4.985751
20.053198,102,64,1,4641,1.660177,2.625251,5.019469
20.087303,102,64,1,4643,1.648978,2.630477,5.053065
20.124996,102,64,1,4645,1.637604,2.635785,5.087190
20.170924,102,64,1,4647,1.625584,2.641394,5.123247
20.204876,102,64,1,4649,1.609778,2.648770,5.170667
20.233996,102,64,1,4651,1.598919,2.653838,5.203244
20.267980,102,64,1,4652,1.588742,2.658587,5.233774
20.284958,102,64,1,4654,1.577721,2.663730,5.266837
20.311634,102,64,1,4655,1.572224,2.666296,5.283329
20.347261,102,64,1,4656,1.563227,2.670494,5.310319
20.375550,102,64,1,4658,1.551621,2.675910,5.345136
20.409375,102,64,1,4659,1.541603,2.680585,5.375191
20.444932,102,64,1,4661,1.530251,2.685883,5.409245
20.483862,102,64,1,4663,1.518392,2.691417,5.444824
20.529906,102,64,1,4665,1.506536,2.696950,5.480393
20.547312,102,64,1,4667,1.490618,2.704378,5.528145
20.592888,102,64,1,4668,1.484433,2.707264,5.546700
20.627276,102,64,1,4670,1.469880,2.714056,5.590359
20.661321,102,64,1,4672,1.457608,2.719783,5.627176
20.694237,102,64,1,4674,1.446926,2.724768,5.659223
20.728288,102,64,1,4676,1.435629,2.730040,5.693114
20.747366,102,64,1,4678,1.423943,2.735493,5.728172
20.780372,102,64,1,4679,1.417597,2.738455,5.747210
20.813568,102,64,1,4681,1.406575,2.743598,5.780275
20.847902,102,64,1,4683,1.395509,2.748763,5.813473
20.881430,102,64,1,4685,1.384069,2.754101,5.847793
20.915069,102,64,1,4687,1.373558,2.759006,5.879324
20.949549,102,64,1,4689,1.362015,2.764393,5.913955
20.983326,102,64,1,4691,1.350192,2.769911,5.949426
21.016870,102,64,1,4693,1.339431,2.774932,5.981707
21.050653,102,64,1,4695,1.328078,2.780230,6.015766
21.090938,102,64,1,4697,1.316821,2.785484,6.049538
21.125347,102,64,1,4699,1.303460,2.791719,6.089622
21.153512,102,64,1,4701,1.291939,2.797095,6.124182
21.200765,102,64,1,4702,1.282258,2.801613,6.153225
21.247288,102,64,1,4704,1.266521,2.808957,6.200438
21.280684,102,64,1,4706,1.251669,2.815888,6.244994
21.315238,102,64,1,4708,1.239811,2.821422,6.280568
21.351342,102,64,1,4710,1.228624,2.826642,6.314128
21.373568,102,64,1,4712,1.216937,2.832096,6.349190
21.407895,102,64,1,4713,1.209404,2.835612,6.371788
21.436294,102,64,1,4715,1.198405,2.840744,6.404785
21.470221,102,64,1,4716,1.187985,2.845607,6.436046
21.503787,102,64,1,4718,1.176963,2.850751,6.469112
21.530931,102,64,1,4720,1.166272,2.855740,6.501184
21.562575,102,64,1,4721,1.156763,2.860177,6.529710
21.579400,102,64,1,4722,1.146914,2.864773,6.559257
21.596414,102,64,1,4723,1.140235,2.867890,6.579293
21.613940,102,64,1,4724,1.135565,2.870070,6.593305
21.631461,102,64,1,4725,1.128893,2.873184,6.613322
21.647989,102,64,1,4726,1.122881,2.875989,6.631357
21.673626,102,64,1,4727,1.117372,2.878560,6.647884
21.705614,102,64,1,4728,1.108860,2.882532,6.673419
21.721772,102,64,1,4729,1.098288,2.887466,6.705135
21.751907,102,64,1,4730,1.092781,2.890036,6.721658
21.769347,102,64,1,4731,1.083103,2.894552,6.750692
21.799615,102,64,1,4732,1.077422,2.897203,6.767734
21.817725,102,64,1,4733,1.066901,2.902113,6.799298
21.834459,102,64,1,4734,1.061792,2.904497,6.814622
21.851478,102,64,1,4735,1.055222,2.907563,6.834334
21.877250,102,64,1,4736,1.049547,2.910212,6.851359
21.894366,102,64,1,4737,1.041985,2.913741,6.874046
21.925239,102,64,1,4738,1.035257,2.916880,6.894229
21.957032,102,64,1,4739,1.025386,2.921487,6.923843
21.988060,102,64,1,4740,1.014448,2.926591,6.956656
22.019860,102,64,1,4741,1.004099,2.931421,6.987704
22.036081,102,64,1,4742,0.993523,2.936356,7.019431
22.053595,102,64,1,4743,0.988013,2.938927,7.035961
22.070360,102,64,1,4744,0.982505,2.941498,7.052485
22.088015,102,64,1,4745,0.976581,2.944262,7.070257
22.104313,102,64,1,4746,0.970734,2.946991,7.087798
22.129623,102,64,1,4747,0.965274,2.949539,7.104177
22.145855,102,64,1,4748,0.957262,2.953278,7.128215
22.176056,102,64,1,4749,0.951419,2.956004,7.145742
22.192437,102,64,1,4750,0.941742,2.960521,7.174775
22.222061,102,64,1,4751,0.935898,2.963248,7.192306
22.253573,102,64,1,4752,0.926048,2.967844,7.221858
22.270382,102,64,1,4753,0.915586,2.972727,7.253242
22.300568,102,64,1,4754,0.909908,2.975376,7.270276
22.317462,102,64,1,4755,0.899893,2.980050,7.300320
22.347690,102,64,1,4756,0.894218,2.982698,7.317346
22.379771,102,64,1,4757,0.884533,2.987218,7.346403
22.410778,102,64,1,4758,0.873519,2.992358,7.379443
22.427206,102,64,1,4759,0.863151,2.997196,7.410548
22.444216,102,64,1,4760,0.857637,2.999770,7.427090
22.473592,102,64,1,4761,0.851963,3.002417,7.444110
22.490738,102,64,1,4762,0.843262,3.006478,7.470213
22.508234,102,64,1,4763,0.837301,3.009259,7.488096
22.536508,102,64,1,4764,0.830944,3.012226,7.507169
22.553342,102,64,1,4765,0.821597,3.016588,7.535208
22.569495,102,64,1,4766,0.815589,3.019392,7.553231
22.586718,102,64,1,4767,0.810213,3.021900,7.569360
22.603572,102,64,1,4768,0.804868,3.024395,7.585396
22.631798,102,64,1,4769,0.799857,3.026733,7.600430
22.648196,102,64,1,4770,0.790157,3.031260,7.629528
22.678930,102,64,1,4771,0.784312,3.033988,7.647064
22.695267,102,64,1,4772,0.773791,3.038898,7.678627
22.712574,102,64,1,4773,0.768285,3.041467,7.695145
22.741735,102,64,1,4774,0.763174,3.043852,7.710479
22.773341,102,64,1,4775,0.752806,3.048691,7.741582
22.790306,102,64,1,4776,0.742288,3.053599,7.773138
22.821527,102,64,1,4777,0.736942,3.056094,7.789173
22.837859,102,64,1,4778,0.726761,3.060845,7.819718
22.869956,102,64,1,4779,0.720753,3.063649,7.837742
22.886458,102,64,1,4780,0.710133,3.068605,7.869602
22.904799,102,64,1,4781,0.704549,3.071211,7.886354
22.932061,102,64,1,4782,0.698444,3.074059,7.904667
22.962476,102,64,1,4783,0.690103,3.077952,7.929692
22.993517,102,64,1,4784,0.679595,3.082856,7.961215
23.025322,102,64,1,4785,0.669244,3.087686,7.992268
23.073387,102,64,1,4786,0.658843,3.092540,8.023470
23.089847,102,64,1,4788,0.642778,3.100037,8.071667
23.106839,102,64,1,4789,0.636766,3.102843,8.089702
23.137021,102,64,1,4790,0.631429,3.105333,8.105713
23.153424,102,64,1,4791,0.621413,3.110007,8.135759
23.170444,102,64,1,4792,0.615568,3.112735,8.153295
23.187481,102,64,1,4793,0.609890,3.115385,8.170330
23.203994,102,64,1,4794,0.604878,3.117724,8.185367
23.220528,102,64,1,4795,0.599207,3.120370,8.202379
23.237127,102,64,1,4796,0.593522,3.123023,8.219435
23.253588,102,64,1,4797,0.588021,3.125590,8.235937
23.270593,102,64,1,4798,0.583497,3.127702,8.249508
23.287125,102,64,1,4799,0.577344,3.130573,8.267969
23.303650,102,64,1,4800,0.570995,3.133536,8.287015
23.320661,102,64,1,4801,0.565985,3.135874,8.302045
23.338204,102,64,1,4802,0.560145,3.138599,8.319566
23.355921,102,64,1,4803,0.553967,3.141482,8.338099
23.373261,102,64,1,4804,0.548120,3.144211,8.355640
23.402747,102,64,1,4805,0.542781,3.146702,8.371658
23.419694,102,64,1,4806,0.533160,3.151192,8.400518
23.437186,102,64,1,4807,0.526807,3.154157,8.419579
23.465278,102,64,1,4808,0.521636,3.156570,8.435093
23.481612,102,64,1,4809,0.512192,3.160977,8.463425
23.499629,102,64,1,4810,0.506506,3.163630,8.480481
23.516651,102,64,1,4811,0.500671,3.166353,8.497985
23.533173,102,64,1,4812,0.494489,3.169239,8.516532
23.560865,102,64,1,4813,0.488983,3.171808,8.533052
23.577420,102,64,1,4814,0.480514,3.175760,8.558459
23.607980,102,64,1,4815,0.474262,3.178678,8.577214
23.624922,102,64,1,4816,0.464744,3.183120,8.605767
23.642426,102,64,1,4817,0.458905,3.185845,8.623286
23.659622,102,64,1,4818,0.453562,3.188338,8.639314
23.676763,102,64,1,4819,0.446825,3.191482,8.659526
23.693279,102,64,1,4820,0.441441,3.193994,8.675676
23.709797,102,64,1,4821,0.435611,3.196715,8.693167
23.733521,102,64,1,4822,0.430102,3.199286,8.709694
23.764328,102,64,1,4823,0.422592,3.202790,8.732223
23.781241,102,64,1,4824,0.412301,3.207592,8.763096
23.810875,102,64,1,4825,0.406792,3.210164,8.779623
23.827307,102,64,1,4826,0.396446,3.214992,8.810661
23.844384,102,64,1,4827,0.390934,3.217564,8.827196
23.872472,102,64,1,4828,0.386091,3.219824,8.841727
23.889458,102,64,1,4829,0.376581,3.224262,8.870258
23.919687,102,64,1,4830,0.371403,3.226679,8.885793
23.936004,102,64,1,4831,0.360210,3.231902,8.919370
23.953502,102,64,1,4832,0.354704,3.234471,8.935887
23.969700,102,64,1,4833,0.349530,3.236886,8.951410
23.987318,102,64,1,4834,0.343466,3.239716,8.969601
24.004293,102,64,1,4835,0.338292,3.242131,8.985125
24.021275,102,64,1,4836,0.331953,3.245089,9.004142
24.044382,102,64,1,4837,0.326276,3.247738,9.021173
24.061335,102,64,1,4838,0.318932,3.251165,9.043203
24.077859,102,64,1,4839,0.313587,3.253659,9.059238
24.094884,102,64,1,4840,0.307752,3.256382,9.076743
24.112437,102,64,1,4841,0.302077,3.259031,9.093770
24.129466,102,64,1,4842,0.296561,3.261605,9.110317
24.146672,102,64,1,4843,0.290222,3.264563,9.129334
24.163558,102,64,1,4844,0.285540,3.266748,9.143379
24.180626,102,64,1,4845,0.279582,3.269528,9.161253
24.196809,102,64,1,4846,0.274003,3.272132,9.177992
24.213306,102,64,1,4847,0.268438,3.274729,9.194687
24.232548,102,64,1,4848,0.262767,3.277375,9.211699
24.263542,102,64,1,4849,0.256256,3.280414,9.231231
24.280536,102,64,1,4850,0.245598,3.285388,9.263206
24.310536,102,64,1,4851,0.239860,3.288065,9.280419
24.341830,102,64,1,4852,0.230226,3.292561,9.309321
24.358438,102,64,1,4853,0.219542,3.297547,9.341374
24.374962,102,64,1,4854,0.213890,3.300185,9.358330
24.392470,102,64,1,4855,0.208886,3.302520,9.373342
24.409526,102,64,1,4856,0.202543,3.305480,9.392372
24.435409,102,64,1,4857,0.196863,3.308131,9.409410
24.451763,102,64,1,4858,0.188839,3.311875,9.433482
24.469311,102,64,1,4859,0.182778,3.314704,9.451666
24.497639,102,64,1,4860,0.177267,3.317275,9.468198
24.513900,102,64,1,4861,0.167924,3.321635,9.496227
24.530413,102,64,1,4862,0.162078,3.324363,9.513765
24.547463,102,64,1,4863,0.156570,3.326934,9.530291
24.564173,102,64,1,4864,0.150882,3.329589,9.547354
24.591326,102,64,1,4865,0.145646,3.332032,9.563061
24.608229,102,64,1,4866,0.136301,3.336393,9.591098
24.624504,102,64,1,4867,0.130962,3.338885,9.607115
24.641635,102,64,1,4868,0.125202,3.341572,9.624393
24.659604,102,64,1,4869,0.120513,3.343760,9.638459
24.676919,102,64,1,4870,0.113501,3.347033,9.659498
24.693449,102,64,1,4871,0.108067,3.349569,9.675798
24.710116,102,64,1,4872,0.102558,3.352140,9.692327
24.727137,102,64,1,4873,0.097331,3.354579,9.708008
24.746734,102,64,1,4874,0.090992,3.357537,9.727025
24.763227,102,64,1,4875,0.085144,3.360266,9.744567
24.779722,102,64,1,4876,0.078970,3.363147,9.763089
24.797255,102,64,1,4877,0.073965,3.365483,9.778104
24.814297,102,64,1,4878,0.068287,3.368133,9.795139
24.841494,102,64,1,4879,0.061941,3.371094,9.814177
24.872926,102,64,1,4880,0.053258,3.375146,9.840227
24.903801,102,64,1,4881,0.043164,3.379857,9.870509
24.920410,102,64,1,4882,0.032496,3.384835,9.902512
24.937924,102,64,1,4883,0.027413,3.387208,9.917761
24.954425,102,64,1,4884,0.021735,3.389857,9.934796
24.981199,102,64,1,4885,0.015561,3.392738,9.953319
24.999543,102,64,1,4886,0.006376,3.397025,9.980871
25.027277,102,64,1,4887,0.000198,3.399908,9.999407
25.043577,102,64,1,4888,0.000000,3.400000,10.000000
25.074578,102,64,2,4888,0.000000,3.400000,10.000000
25.091480,102,64,3,4888,0.000000,3.400000,10.000000
25.122613,102,64,4,4888,0.000000,3.400000,10.000000
25.139551,102,64,5,4888,0.000000,3.400000,10.000000
25.169658,102,64,6,4888,0.000000,3.400000,10.000000
25.200824,102,64,7,4888,0.000000,3.400000,10.000000
25.217179,102,64,8,4888,0.000000,3.400000,10.000000
25.234207,102,64,9,4888,0.000000,3.400000,10.000000
25.250861,102,64,10,4888,0.000000,3.400000,10.000000
25.278091,102,64,11,4888,0.000000,3.400000,10.000000
25.294699,102,64,12,4888,0.000000,3.400000,10.000000
25.324494,102,64,13,4888,0.000000,3.400000,10.000000
25.355445,102,64,14,4888,0.000000,3.400000,10.000000
25.371793,102,64,15,4888,0.000000,3.400000,10.000000
25.402654,102,64,16,4888,0.000000,3.400000,10.000000
25.482755,320,200,1,4889,0.000000,3.400000,10.000000
25.548269,320,200,2,4889,0.000000,3.400000,10.000000
25.622461,320,200,3,4889,0.000000,3.400000,10.000000
25.686771,320,200,4,4889,0.000000,3.400000,10.000000
25.753732,320,200,5,4889,0.000000,3.400000,10.000000
25.826378,320,200,6,4889,0.000000,3.400000,10.000000
25.895111,320,200,7,4889,0.000000,3.400000,10.000000
25.964288,320,200,8,4889,0.000000,3.400000,10.000000
26.032443,320,200,9,4889,0.000000,3.400000,10.000000
26.095852,320,200,10,4889,0.000000,3.400000,10.000000
26.173555,320,200,11,4889,0.000000,3.400000,10.000000
26.242558,320,200,12,4889,0.000000,3.400000,10.000000
26.312341,320,200,13,4889,0.000000,3.400000,10.000000
26.407170,320,200,14,4889,0.000000,3.400000,10.000000
26.469388,320,200,15,4889,0.000000,3.400000,10.000000
26.532339,320,200,16,4889,0.000000,3.400000,10.000000
26.599944,320,200,17,4889,0.000000,3.400000,10.000000
26.673577,320,200,18,4889,0.000000,3.400000,10.000000
26.742436,320,200,19,4889,0.000000,3.400000,10.000000
26.810567,320,200,20,4889,0.000000,3.400000,10.000000
26.876850,320,200,21,4889,0.000000,3.400000,10.000000
26.956268,320,200,22,4889,0.000000,3.400000,10.000000
27.022845,320,200,23,4889,0.000000,3.400000,10.000000
27.094642,320,200,24,4889,0.000000,3.400000,10.000000
27.163408,320,200,25,4889,0.000000,3.400000,10.000000
27.231034,320,200,26,4889,0.000000,3.400000,10.000000
27.302488,320,200,27,4889,0.000000,3.400000,10.000000
27.370620,320,200,28,4889,0.000000,3.400000,10.000000
27.444123,320,200,29,4889,0.000000,3.400000,10.000000
27.519119,320,200,30,4889,0.000000,3.400000,10.000000
27.584161,320,200,31,4889,0.000000,3.400000,10.000000
27.676447,320,200,32,4889,0.000000,3.400000,10.000000
27.744017,320,200,33,4889,0.000000,3.400000,10.000000
27.832412,320,200,34,4889,0.000000,3.400000,10.000000
27.908579,320,200,35,4889,0.000000,3.400000,10.000000
27.975463,320,200,36,4889,0.000000,3.400000,10.000000
28.050940,320,200,37,4889,0.000000,3.400000,10.000000
28.113273,320,200,38,4889,0.000000,3.400000,10.000000
28.180376,320,200,39,4889,0.000000,3.400000,10.000000
28.250529,320,200,40,4889,0.000000,3.400000,10.000000
28.331832,320,200,41,4889,0.000000,3.400000,10.000000
28.410597,320,200,42,4889,0.000000,3.400000,10.000000
28.479045,320,200,43,4889,0.000000,3.400000,10.000000
28.554080,320,200,44,4889,0.000000,3.400000,10.000000
28.629019,320,200,45,4889,0.000000,3.400000,10.000000
28.706840,320,200,46,4889,0.000000,3.400000,10.000000
28.783393,320,200,47,4889,0.000000,3.400000,10.000000
28.846397,320,200,48,4889,0.000000,3.400000,10.000000
28.909244,320,200,49,4889,0.000000,3.400000,10.000000
28.977840,320,200,50,4889,0.000000,3.400000,10.000000
29.050577,320,200,51,4889,0.000000,3.400000,10.000000
29.116918,320,200,52,4889,0.000000,3.400000,10.000000
29.183036,320,200,53,4889,0.000000,3.400000,10.000000
29.253934,320,200,54,4889,0.000000,3.400000,10.000000
29.317194,320,200,55,4889,0.000000,3.400000,10.000000
29.395616,320,200,56,4889,0.000000,3.400000,10.000000
29.464222,320,200,57,4889,0.000000,3.400000,10.000000
29.537845,320,200,58,4889,0.000000,3.400000,10.000000
29.599656,320,200,59,4889,0.000000,3.400000,10.000000
29.675873,320,200,60,4889,0.000000,3.400000,10.000000
29.752763,320,200,61,4889,0.000000,3.400000,10.000000
29.819993,320,200,62,4889,0.000000,3.400000,10.000000
29.909515,320,200,63,4889,0.000000,3.400000,10.000000
29.988156,320,200,64,4889,0.000000,3.400000,10.000000
