frame,wall_ns,trace_ns,resample_ns,paint_ns,cpu_ns,frame_alloc_bytes,trace_alloc_bytes,actual_spp,accumulated_spp,primary,continuation,shadow,primary_tests,continuation_tests,shadow_tests
0,30331500,8029900,11571800,10160800,31250000,16244312,4720,1,51,81000,100181,64456,1046400,1503600,660930
1,21027000,4449700,6133500,9875100,15625000,16244184,4720,1,52,81000,100588,64472,1046412,1509252,660733
2,21447600,4554600,5814400,10527100,15625000,16244296,4720,1,53,81000,100541,64582,1046376,1504632,662224
3,20285900,4234600,5618800,9876000,15625000,16244240,4696,1,54,81000,99863,63902,1046316,1499232,654510
4,20510800,4228300,5767800,9956800,15625000,16244128,4696,1,55,81000,100229,64625,1046508,1499592,661743
5,21961400,5426400,5864400,10101700,15625000,16244296,4720,1,56,81000,100307,64521,1046352,1503084,660905
6,20518000,4326300,5693700,9948200,15625000,16244328,4720,1,57,81000,100300,64495,1046508,1503096,660358
7,20665600,4314900,5823200,9965900,234375000,16244168,4768,1,58,81000,99847,64316,1046328,1494732,658763
8,21111400,4580400,5963200,9970200,15625000,16244320,4744,1,59,81000,99946,64093,1046304,1497492,655750
9,21049700,4785700,5758500,9911500,15625000,16244240,4744,1,60,81000,100345,64362,1046280,1505040,659407
10,20861800,4634100,5715300,9916700,234375000,16244432,4696,1,61,81000,100368,64447,1046244,1503072,660777
11,20826300,4644500,5730300,9893700,15625000,16244328,4720,1,62,81000,99981,64195,1046388,1497096,657201
12,20835300,4400900,6001500,9884700,15625000,16244464,4744,1,63,81000,100134,64209,1046580,1502328,658113
13,20482800,4256200,5657600,9949800,218750000,16244432,4744,1,64,81000,100183,64421,1046616,1500960,659923
14,20578200,4377600,5718200,9893300,15625000,16244344,4768,1,65,81000,100518,64251,1046340,1511844,658212
15,20358800,4152300,5704100,9946500,15625000,16244488,4696,1,66,81000,99883,64279,1046196,1494072,659084
16,20431100,4336000,5659800,9847300,171875000,16244448,4696,1,67,81000,100384,64410,1046328,1506984,660707
17,21033300,4723600,5821900,9892600,15625000,16244264,4720,1,68,81000,99535,64093,1046256,1488180,656373
18,21018900,4341400,6124300,9906700,15625000,16244488,4768,1,69,81000,100302,64336,1046388,1504848,659439
19,22594700,4955500,7073400,9891700,203125000,16244272,4744,1,70,81000,100175,64375,1046448,1499448,659938
20,22215700,4690200,7000100,9886400,15625000,16244560,4792,1,71,81000,99959,64141,1046472,1499136,657581
21,22377600,4750900,6592800,10470600,31250000,16236248,4720,1,72,81000,99946,64432,1046448,1495188,660069
22,21902400,4387300,7003500,9992700,15625000,16236360,4720,1,73,81000,100029,64070,1046388,1498764,656526
23,21255800,5066400,5722400,9909300,15625000,16236376,4768,1,74,81000,100227,64492,1046340,1499256,661390
24,20992100,4740700,5797700,9918000,234375000,16236216,4720,1,75,81000,100187,64151,1046256,1505124,657241
25,20900600,4598300,5828400,9921800,15625000,16236432,4792,1,76,81000,100352,64273,1046436,1508280,658929
26,20491000,4261500,5821400,9875700,15625000,16236392,4720,1,77,81000,100160,64233,1046472,1502040,657312
27,20637500,4555200,5673700,9910200,234375000,16236280,4816,1,78,81000,100266,64435,1046400,1503888,660070
28,20357400,4348900,5657300,9856700,15625000,16236384,4744,1,79,81000,100209,64377,1046256,1499952,660046
29,20403400,4313200,5695600,9907700,15625000,16235952,4744,1,80,81000,99738,64153,1046316,1490796,657480
30,20312400,4315000,5654300,9855200,140625000,16236168,4720,1,81,81000,99695,64035,1046520,1493352,655863
31,20749600,4484600,5898800,9857500,15625000,16236016,4696,1,82,81000,100334,64464,1046532,1503084,659947
32,20643300,4474100,5741100,9922800,15625000,16236176,4744,1,83,81000,99898,64261,1046256,1493784,658326
33,20259700,4251000,5641400,9860100,140625000,16236168,4768,1,84,81000,99927,64055,1046484,1500660,656070
34,20479400,4313400,5805300,9866900,15625000,16235984,4696,1,85,81000,99970,64383,1046364,1497612,660111
35,20396300,4373000,5662000,9841400,15625000,16236176,4744,1,86,81000,99942,64249,1046364,1494708,659069
36,20537700,4418700,5679500,9866800,93750000,16236160,4696,1,87,81000,99704,64458,1046196,1488456,660635
37,20420700,4346700,5699600,9880300,15625000,16236024,4768,1,88,81000,99798,64337,1046508,1493208,659461
38,20426100,4376300,5690900,9852800,15625000,16236128,4696,1,89,81000,100743,64751,1046424,1510668,663845
39,20700600,4434200,5839400,9890300,15625000,16236152,4768,1,90,81000,100534,64511,1046304,1506720,661455
40,20436500,4317800,5718600,9901900,31250000,16236392,4768,1,91,81000,99968,64138,1046232,1496916,657057
41,20622800,4350300,5896100,9880600,15625000,16236240,4744,1,92,81000,100435,64358,1046640,1506852,658707
42,20643200,4520900,5705600,9904600,15625000,16236328,4720,1,93,81000,100197,64312,1046352,1502268,658520
43,20263000,4211500,5673700,9845500,125000000,16236296,4720,1,94,81000,99970,64114,1046316,1498704,656878
44,20893400,4656700,5787900,9909400,15625000,16236232,4768,1,95,81000,100139,64265,1046328,1501224,658303
45,20516400,4419200,5684800,9907000,15625000,16236328,4720,1,96,81000,100577,64412,1046436,1508796,660270
46,20126600,4028100,5687700,9884000,234375000,16236384,4744,1,97,81000,100092,64491,1046328,1499244,660832
47,20949000,4685300,5891200,9859100,15625000,16236888,5456,1,98,81000,100277,64259,1046364,1505484,658250
48,20756900,4465600,5837800,9939500,15625000,16236352,4744,1,99,81000,100014,64236,1046580,1499184,659009
49,20655400,4597100,5657800,9862800,234375000,16243864,4744,1,100,81000,100003,64286,1046268,1498692,658969
50,20413200,4268600,5732700,9893900,15625000,16244080,4720,1,101,81000,99977,64416,1046508,1496760,660106
51,21981700,4280400,7329700,9875900,15625000,16243952,4720,1,102,81000,99994,64172,1046496,1497120,657057
52,20575200,4531800,5643000,9865100,234375000,16244064,4720,1,103,81000,100498,64243,1046400,1511160,657415
53,20583700,4478700,5681400,9889600,15625000,16244008,4696,1,104,81000,100059,64250,1046376,1498224,658653
54,20548400,4280400,5867200,9870000,15625000,16243896,4696,1,105,81000,100169,64122,1046448,1501632,656544
55,20375700,4116300,5860600,9879800,234375000,16244040,4696,1,106,81000,99806,64295,1046508,1492740,658334
56,20939300,4426700,5975800,10023300,15625000,16244120,4744,1,107,81000,100519,64486,1046448,1505580,661077
57,20502600,4360200,5806300,9839600,15625000,16243912,4744,1,108,81000,100361,64534,1046448,1503576,661471
58,20325800,4214100,5696000,9920900,234375000,16244064,4720,1,109,81000,100431,64339,1046484,1505076,658876
59,20076200,4063000,5672500,9852400,15625000,16244128,4768,1,110,81000,100373,64225,1046544,1506576,658347
60,20323300,4064300,5878400,9871900,15625000,16244320,4720,1,111,81000,99677,64260,1046508,1494396,657821
61,20807500,4474400,5760600,10072400,218750000,16244144,4672,1,112,81000,100316,64279,1046292,1504584,658168
62,20370100,4214500,5745900,9910900,15625000,16244280,4696,1,113,81000,99988,64296,1046448,1496964,658960
63,22481100,6033400,5887200,10041800,15625000,16244296,4744,1,114,81000,100474,64440,1046508,1507128,659327
64,23206800,6796400,5764000,10112800,234375000,16244160,4720,1,115,81000,100085,64222,1046460,1500156,657809
65,33239700,17022900,5804400,9898400,234375000,16244304,4720,1,116,81000,100480,64432,1046364,1509288,660396
66,20267500,4202300,5692700,9846000,15625000,16244384,4768,1,117,81000,99807,63970,1046496,1498440,654921
67,20778900,4398000,5827800,10048500,109375000,16244152,4744,1,118,81000,100026,64353,1046568,1498932,658759
68,20839500,4787100,5705100,9863100,15625000,16244304,4720,1,119,81000,99681,64324,1046424,1489368,659760
69,21346500,4790400,5799400,10248400,15625000,16244000,4768,1,120,81000,100237,64335,1046412,1505040,659790
70,22273600,6029300,5796200,9940700,234375000,16244192,4720,1,121,81000,99983,64294,1046412,1498644,658670
71,20847200,4521000,5780800,10022700,15625000,16244040,4696,1,122,81000,100336,64559,1046400,1502592,661688
72,20478500,4226000,5824800,9924900,15625000,16244200,4744,1,123,81000,100431,64193,1046232,1508832,657351
73,20648700,4307700,5926400,9884300,234375000,16244168,4744,1,124,81000,100402,64436,1046376,1504068,660297
74,23911600,7781100,5734400,9868800,15625000,16244056,4744,1,125,81000,100272,64491,1046328,1501728,660691
75,20678700,4406700,5859600,9873800,234375000,16244152,4696,1,126,81000,100762,64653,1046544,1510764,663091
76,20619000,4381700,5746600,9963800,15625000,16244208,4720,1,127,81000,100368,64526,1046496,1500648,661495
77,20889100,4743700,5679000,9893200,15625000,16260064,20784,1,128,81000,100262,64336,1046256,1505148,658819
78,20938000,4607600,5907400,9906200,234375000,16244128,4672,1,129,81000,99729,64172,1046484,1491240,657682
79,20351500,4079600,5807400,9928500,15625000,16244112,4768,1,130,81000,100377,64287,1046508,1503036,658557
80,21170100,4545800,6223000,9851900,15625000,16244280,4696,1,131,81000,100635,64556,1046304,1511580,661170
81,22893100,4614600,7004500,9891500,187500000,16244176,4720,1,132,81000,100190,64359,1046616,1497168,659223
82,20459300,4146800,5776500,10036800,15625000,16244264,4696,1,133,81000,100809,64759,1046268,1509780,663922
83,21463800,5265900,5763500,9922100,15625000,16244256,4720,1,134,81000,100167,64326,1046412,1499388,659166
84,20528200,4103700,5803300,10124300,109375000,16244144,4720,1,135,81000,100729,64390,1046328,1509924,660303
85,20201500,4115300,5644700,9952700,15625000,16244264,4696,1,136,81000,99928,64173,1046280,1495668,657888
86,21402500,4708400,5897000,10232300,15625000,16244392,4792,1,137,81000,100421,64250,1046508,1506468,658277
87,21947200,5567400,5770700,10057900,171875000,16244136,4744,1,138,81000,100262,64258,1046364,1501800,658065
88,20496400,4342100,5705000,9958200,15625000,16244312,4744,1,139,81000,100229,64238,1046652,1504380,658214
89,21236800,4662100,5950100,10110800,31250000,16244080,4768,1,140,81000,100241,64489,1046496,1501452,661492
90,23528300,6929700,5983900,10075100,15625000,16244296,4744,1,141,81000,100181,64212,1046220,1502352,658265
91,20325300,4281500,5658300,9873000,15625000,16244168,4744,1,142,81000,100702,64420,1046388,1511052,658883
92,20654300,4409200,5776200,9959800,156250000,16244256,4720,1,143,81000,99795,63966,1046496,1497516,654578
93,21679000,5538600,5775100,9862100,15625000,16244272,4768,1,144,81000,99666,64190,1046340,1494312,657532
94,20949700,4687800,5751100,10011200,15625000,16244112,4720,1,145,81000,100269,64272,1046292,1503528,658192
95,20533200,4347500,5720300,9967700,234375000,16244280,4744,1,146,81000,100319,64450,1046340,1503120,660637
96,20995600,4754100,5759400,9979600,15625000,16244336,4768,1,147,81000,100312,64207,1046484,1505820,657609
97,20247800,4075200,5790000,9889000,15625000,16244056,4696,1,148,81000,100032,64223,1046496,1499460,658434
98,20473000,4401200,5693500,9879300,234375000,16244256,4720,1,149,81000,99641,64162,1046364,1491816,657715
99,20903100,4654400,5779800,9965700,15625000,16243920,4720,1,150,81000,99946,64144,1046388,1497996,657647
