run,frames,frame_median_ms,frame_p95_ms,trace_median_ms,trace_p95_ms,resample_median_ms,paint_median_ms,cpu_wall_cores,frame_alloc_bytes,trace_alloc_bytes
p1-bounce-room-half,10,38.3884,58.9052,19.9938,39.9791,7.0193,10.6706,7.228762450251132,16290744.8,4461.6
p1-bounce-room-native,10,93.0113,95.533,74.6284,77.7273,6.0288,10.6509,10.881301603565326,16290740.0,4456.8
p1-bounce-room-quarter,10,23.8978,26.7309,5.4671,6.6688,6.9229,10.6717,3.7967960909937832,16290747.2,4464.0
p1-final-w1,100,122.9255,169.7199,73.1642,116.6044,34.3962,10.1186,0.9904722275300475,16237370.72,1296.0
p1-final-w14,100,94.8776,115.7295,9.571,13.4922,64.3514,18.8713,2.0061680373504687,16240907.28,4832.56
p1-glass-half,10,32.9024,37.1396,16.1794,17.2116,5.8185,10.089,6.826423172703045,16243736.0,5164.8
p1-glass-native,10,89.0322,95.2524,72.1769,76.9398,6.1969,10.2577,10.885589044864828,16243714.4,5143.2
p1-glass-quarter,10,21.9568,27.2102,4.869,5.6182,5.9213,9.9687,1.5552229091529115,16243772.0,5200.8
p1-glass-w1,30,117.2978,129.593,70.2166,81.3202,35.6029,10.1863,0.9922565632520602,16239836.0,1294.4
p1-glass-w10,30,55.1013,61.1234,10.0543,12.7333,33.6522,10.0273,2.4421066890054495,16242552.8,4011.2
p1-glass-w14,30,53.3937,56.6594,8.5121,11.6155,33.7968,9.9561,2.9608676302750894,16243723.2,5181.6
p1-glass-w2,30,80.2487,86.3228,34.6763,41.9789,34.126,10.1399,1.3654259475612955,16240332.0,1790.4
p1-glass-w20,30,52.351,62.6532,7.552,12.8957,33.627,9.9736,2.7194681106290237,16245487.466666667,6968.533333333334
p1-glass-w4,30,63.0315,70.6484,17.674,22.5483,34.5587,9.9733,1.8021719893713546,16240862.933333334,2344.0
p1-glass-w6,30,57.0118,63.4669,12.1739,19.0997,33.5129,9.9764,1.983306530568278,16241411.733333332,2892.8
p1-instances,10,40.7863,43.9556,2.941,3.9464,26.8736,10.3718,0.9847983496597749,16277723.2,7232.0
p1-jfr,100,25.8924,37.2175,4.9138,7.3972,7.6117,11.4521,2.3319828311727875,16241343.92,5188.8
p1-mesh-room-half,10,60.931,66.6748,43.1421,48.3738,6.9441,10.1633,10.21536566203032,16276069.6,5578.4
p1-mesh-room-native,10,209.2456,241.9654,178.0502,209.0881,9.7438,20.1329,11.984755285334467,16276036.0,5544.8
p1-mesh-room-quarter,10,31.3521,33.9046,13.0125,14.3893,7.1053,10.2103,3.4649452948580604,16276088.8,5597.6
p1-motion,20,21.7433,25.2348,4.6312,5.9556,6.8257,9.7901,2.9152452594414697,16235762.4,5162.4
p1-native-t16,20,81.9983,84.7385,64.4183,66.6684,5.9263,10.1306,11.107809322444384,16243671.6,5152.4
p1-native-w1,20,627.4536,713.8349,610.1076,697.1902,6.2421,10.3042,0.9903743381969128,16239816.0,1296.8
p1-native-w10,20,91.6394,96.1915,73.7242,75.5448,7.0632,10.1919,7.934182668956025,16242522.4,3969.2
p1-native-w14,20,84.0532,88.5155,66.5596,69.3556,6.0576,10.1373,11.083900739709941,16243706.0,5152.8
p1-native-w20,20,71.5236,74.9079,54.6463,56.1748,6.292,10.1436,14.689575399378448,16245423.6,6904.4
p1-native-w6,20,122.983,133.0656,104.8143,116.4808,5.9376,10.1796,5.233597585827858,16241427.2,2874.0
p1-playground-half,10,21.9596,27.2324,3.9154,4.8011,7.2406,9.9372,2.0478267479593817,16282408.0,4204.8
p1-playground-native,10,31.2082,36.27,14.6185,17.6174,6.1666,9.9003,4.266198367364669,16282400.8,4197.6
p1-playground-quarter,10,20.1496,24.2832,1.4427,2.4991,7.5809,10.3577,1.1474329568692496,16282412.8,4209.6
p1-quality-bounce-room,5,44.863,49.0942,1.3405,2.115,29.1627,13.9662,0.8975016646584721,16322552.0,4470.4
p1-quality-glass,5,40.9684,48.4617,1.3529,2.4497,26.0608,13.0127,0.8902351882669376,16272760.0,5155.2
p1-quality-mesh-room,5,45.1891,50.1765,2.7452,3.4645,28.7716,13.2392,0.9593856423278753,16306920.0,5552.0
p1-quality-playground,5,43.6579,47.6992,1.0002,1.3701,29.0018,13.006,1.0007337952034314,16351540.8,4214.4
p1-quality-rough-room,5,41.5649,45.5334,1.561,1.6805,26.4267,13.3449,0.9694810931498912,16353086.4,5552.0
p1-quality-volume-room,5,42.0895,47.072,1.986,2.5595,26.2066,13.3503,0.8838194576035342,16332347.2,5307.2
p1-rectangular,3,43.8789,44.9617,3.1905,3.3211,27.2586,13.0434,1.0794067235237361,16410325.333333334,2392.0
p1-rough-room-half,10,39.3478,43.1858,22.1403,25.5754,5.7519,10.1746,8.93678251747094,16283984.8,5573.6
p1-rough-room-native,10,105.8141,115.7216,87.6297,98.923,6.0501,10.2223,11.536928523489648,16283963.2,5552.0
p1-rough-room-quarter,10,24.0858,26.4584,6.2404,7.9767,6.9669,10.2159,3.5736923961627935,16283996.8,5585.6
p1-volume-room-half,10,47.3429,70.2454,30.9082,49.8999,5.7159,10.1881,8.971405343515546,16300184.0,5328.8
p1-volume-room-native,10,152.7548,175.8742,129.4917,143.8794,9.5722,10.4848,11.645383834698281,16300080.0,5292.8
p1-volume-room-quarter,10,26.9969,34.9043,9.0159,17.0576,6.9174,10.1496,4.242770051867194,16300130.4,5343.2
